source,package,is_test,result,start,ccache_s,gap_before_s,wall_s,o_mtime_gap_s,c_bytes
__constants.c,<nuitka>,False,direct_cache_hit,2026-09-23T10:34:12.233178,0.255,0.000,0.255,0.000,9916
__helpers.c,<nuitka>,False,direct_cache_hit,2026-09-23T10:34:12.541979,0.144,0.054,0.198,0.199,343423
__loader.c,<nuitka>,False,cache_miss,2026-09-23T10:34:12.757544,4.248,0.072,4.319,4.243,1059680
module.PIL.AvifImagePlugin.c,PIL,False,direct_cache_hit,2026-09-23T10:34:17.071025,0.135,0.066,0.201,0.278,506170
module.PIL.BdfFontFile.c,PIL,False,direct_cache_hit,2026-09-23T10:34:17.249692,0.136,0.043,0.179,0.178,224964
module.PIL.BlpImagePlugin.c,PIL,False,direct_cache_hit,2026-09-23T10:34:17.450995,0.130,0.065,0.195,0.196,1196768
module.PIL.BmpImagePlugin.c,PIL,False,direct_cache_hit,2026-09-23T10:34:17.631091,0.127,0.050,0.176,0.178,831032
module.PIL.BufrStubImagePlugin.c,PIL,False,direct_cache_hit,2026-09-23T10:34:17.800047,0.125,0.042,0.168,0.168,147917
module.PIL.ContainerIO.c,PIL,False,direct_cache_hit,2026-09-23T10:34:17.974833,0.136,0.049,0.185,0.184,264662
module.PIL.CurImagePlugin.c,PIL,False,direct_cache_hit,2026-09-23T10:34:18.169988,0.149,0.059,0.208,0.206,213556
module.PIL.DcxImagePlugin.c,PIL,False,direct_cache_hit,2026-09-23T10:34:18.359253,0.123,0.040,0.163,0.166,168274
module.PIL.DdsImagePlugin.c,PIL,False,direct_cache_hit,2026-09-23T10:34:18.534996,0.133,0.053,0.186,0.187,1123064
module.PIL.EpsImagePlugin.c,PIL,False,direct_cache_hit,2026-09-23T10:34:18.718604,0.145,0.051,0.196,0.194,650935
module.PIL.ExifTags.c,PIL,False,direct_cache_hit,2026-09-23T10:34:18.916273,0.133,0.053,0.186,0.186,588132
module.PIL.FitsImagePlugin.c,PIL,False,direct_cache_hit,2026-09-23T10:34:19.094163,0.141,0.045,0.186,0.185,328398
module.PIL.FliImagePlugin.c,PIL,False,direct_cache_hit,2026-09-23T10:34:19.289663,0.134,0.054,0.188,0.189,348376
module.PIL.FontFile.c,PIL,False,direct_cache_hit,2026-09-23T10:34:19.471622,0.137,0.048,0.185,0.183,273786
module.PIL.FpxImagePlugin.c,PIL,False,direct_cache_hit,2026-09-23T10:34:19.658968,0.125,0.050,0.175,0.176,374295
module.PIL.FtexImagePlugin.c,PIL,False,direct_cache_hit,2026-09-23T10:34:19.831635,0.141,0.048,0.189,0.189,206714
module.PIL.GbrImagePlugin.c,PIL,False,direct_cache_hit,2026-09-23T10:34:20.019414,0.145,0.047,0.192,0.191,178520
module.PIL.GdImageFile.c,PIL,False,direct_cache_hit,2026-09-23T10:34:20.219228,0.140,0.055,0.195,0.196,155744
module.PIL.GifImagePlugin.c,PIL,False,direct_cache_hit,2026-09-23T10:34:20.421387,0.143,0.062,0.205,0.205,1794794
module.PIL.GimpGradientFile.c,PIL,False,direct_cache_hit,2026-09-23T10:34:20.613528,0.128,0.049,0.177,0.176,318531
module.PIL.GimpPaletteFile.c,PIL,False,direct_cache_hit,2026-09-23T10:34:20.791766,0.140,0.051,0.190,0.189,122619
module.PIL.GribStubImagePlugin.c,PIL,False,direct_cache_hit,2026-09-23T10:34:20.976954,0.130,0.045,0.175,0.177,151281
module.PIL.Hdf5StubImagePlugin.c,PIL,False,direct_cache_hit,2026-09-23T10:34:21.151105,0.129,0.044,0.173,0.174,148745
module.PIL.IcnsImagePlugin.c,PIL,False,direct_cache_hit,2026-09-23T10:34:21.337894,0.151,0.058,0.209,0.209,670304
module.PIL.IcoImagePlugin.c,PIL,False,direct_cache_hit,2026-09-23T10:34:21.547966,0.137,0.059,0.196,0.195,658531
module.PIL.ImImagePlugin.c,PIL,False,direct_cache_hit,2026-09-23T10:34:21.739204,0.122,0.054,0.177,0.178,584451
module.PIL.Image.c,PIL,False,direct_cache_hit,2026-09-23T10:34:21.979666,0.144,0.118,0.262,0.260,4939341
module.PIL.ImageChops.c,PIL,False,direct_cache_hit,2026-09-23T10:34:22.172374,0.139,0.049,0.188,0.188,289532
module.PIL.ImageCms.c,PIL,False,direct_cache_hit,2026-09-23T10:34:22.370497,0.133,0.059,0.192,0.194,878313
module.PIL.ImageColor.c,PIL,False,direct_cache_hit,2026-09-23T10:34:22.554313,0.141,0.050,0.192,0.192,233433
module.PIL.ImageDraw.c,PIL,False,direct_cache_hit,2026-09-23T10:34:22.766258,0.149,0.071,0.220,0.219,1384533
module.PIL.ImageDraw2.c,PIL,False,direct_cache_hit,2026-09-23T10:34:22.963718,0.131,0.049,0.180,0.180,332434
module.PIL.ImageEnhance.c,PIL,False,direct_cache_hit,2026-09-23T10:34:23.147400,0.152,0.052,0.204,0.203,249506
module.PIL.ImageFile.c,PIL,False,direct_cache_hit,2026-09-23T10:34:23.371746,0.145,0.073,0.218,0.216,1369106
module.PIL.ImageFilter.c,PIL,False,direct_cache_hit,2026-09-23T10:34:23.581154,0.158,0.064,0.222,0.224,1105910
module.PIL.ImageFont.c,PIL,False,direct_cache_hit,2026-09-23T10:34:23.802647,0.138,0.064,0.202,0.202,1015669
module.PIL.ImageGrab.c,PIL,False,direct_cache_hit,2026-09-23T10:34:23.998997,0.150,0.058,0.208,0.208,149306
module.PIL.ImageMath.c,PIL,False,direct_cache_hit,2026-09-23T10:34:24.205930,0.141,0.057,0.198,0.199,624843
module.PIL.ImageMode.c,PIL,False,direct_cache_hit,2026-09-23T10:34:24.394999,0.134,0.048,0.182,0.182,106951
module.PIL.ImageMorph.c,PIL,False,direct_cache_hit,2026-09-23T10:34:24.573954,0.145,0.045,0.189,0.186,414220
module.PIL.ImageOps.c,PIL,False,direct_cache_hit,2026-09-23T10:34:24.776813,0.138,0.058,0.196,0.199,899679
module.PIL.ImagePalette.c,PIL,False,direct_cache_hit,2026-09-23T10:34:24.963323,0.135,0.049,0.183,0.185,485819
module.PIL.ImagePath.c,PIL,False,direct_cache_hit,2026-09-23T10:34:25.138246,0.135,0.040,0.175,0.173,31199
module.PIL.ImageQt.c,PIL,False,direct_cache_hit,2026-09-23T10:34:25.320375,0.135,0.048,0.183,0.182,388174
module.PIL.ImageSequence.c,PIL,False,direct_cache_hit,2026-09-23T10:34:25.510613,0.144,0.055,0.199,0.198,124693
module.PIL.ImageShow.c,PIL,False,direct_cache_hit,2026-09-23T10:34:25.710040,0.148,0.055,0.203,0.205,640716
module.PIL.ImageStat.c,PIL,False,direct_cache_hit,2026-09-23T10:34:25.904803,0.142,0.047,0.189,0.187,290932
module.PIL.ImageText.c,PIL,False,direct_cache_hit,2026-09-23T10:34:26.104754,0.137,0.058,0.195,0.196,619592
module.PIL.ImageTk.c,PIL,False,direct_cache_hit,2026-09-23T10:34:26.294470,0.134,0.052,0.187,0.189,293707
module.PIL.ImageTransform.c,PIL,False,direct_cache_hit,2026-09-23T10:34:26.475710,0.131,0.047,0.178,0.176,239563
module.PIL.ImageWin.c,PIL,False,direct_cache_hit,2026-09-23T10:34:26.658349,0.135,0.052,0.186,0.187,349352
module.PIL.ImtImagePlugin.c,PIL,False,direct_cache_hit,2026-09-23T10:34:26.840267,0.142,0.047,0.189,0.189,148755
module.PIL.IptcImagePlugin.c,PIL,False,direct_cache_hit,2026-09-23T10:34:27.035661,0.141,0.054,0.194,0.192,379989
module.PIL.Jpeg2KImagePlugin.c,PIL,False,direct_cache_hit,2026-09-23T10:34:27.228705,0.148,0.052,0.201,0.202,737350
module.PIL.JpegImagePlugin.c,PIL,False,direct_cache_hit,2026-09-23T10:34:27.436150,0.134,0.059,0.193,0.194,1288543
module.PIL.JpegPresets.c,PIL,False,direct_cache_hit,2026-09-23T10:34:27.614940,0.139,0.045,0.183,0.182,26207
module.PIL.McIdasImagePlugin.c,PIL,False,direct_cache_hit,2026-09-23T10:34:27.794676,0.134,0.041,0.175,0.176,140659
module.PIL.MicImagePlugin.c,PIL,False,direct_cache_hit,2026-09-23T10:34:27.973693,0.132,0.045,0.178,0.178,185330
module.PIL.MpegImagePlugin.c,PIL,False,direct_cache_hit,2026-09-23T10:34:28.153059,0.137,0.047,0.184,0.183,204858
module.PIL.MpoImagePlugin.c,PIL,False,direct_cache_hit,2026-09-23T10:34:28.331910,0.132,0.041,0.174,0.174,389551
module.PIL.MspImagePlugin.c,PIL,False,direct_cache_hit,2026-09-23T10:34:28.510539,0.147,0.046,0.194,0.194,334316
module.PIL.PSDraw.c,PIL,False,direct_cache_hit,2026-09-23T10:34:28.705957,0.127,0.048,0.175,0.176,210127
module.PIL.PaletteFile.c,PIL,False,direct_cache_hit,2026-09-23T10:34:28.875284,0.130,0.043,0.172,0.174,109260
module.PIL.PalmImagePlugin.c,PIL,False,direct_cache_hit,2026-09-23T10:34:29.049142,0.136,0.044,0.180,0.176,235369
module.PIL.PcdImagePlugin.c,PIL,False,direct_cache_hit,2026-09-23T10:34:29.235309,0.130,0.051,0.181,0.184,138060
module.PIL.PcfFontFile.c,PIL,False,direct_cache_hit,2026-09-23T10:34:29.412944,0.131,0.047,0.179,0.178,541890
module.PIL.PcxImagePlugin.c,PIL,False,direct_cache_hit,2026-09-23T10:34:29.592750,0.157,0.048,0.205,0.204,353302
module.PIL.PdfImagePlugin.c,PIL,False,direct_cache_hit,2026-09-23T10:34:29.796967,0.147,0.048,0.195,0.196,383889
module.PIL.PdfParser.c,PIL,False,direct_cache_hit,2026-09-23T10:34:30.016487,0.133,0.072,0.205,0.205,2056301
module.PIL.PixarImagePlugin.c,PIL,False,direct_cache_hit,2026-09-23T10:34:30.196995,0.141,0.048,0.189,0.189,129726
module.PIL.PngImagePlugin.c,PIL,False,direct_cache_hit,2026-09-23T10:34:30.417521,0.143,0.080,0.223,0.221,2539910
module.PIL.PpmImagePlugin.c,PIL,False,direct_cache_hit,2026-09-23T10:34:30.615543,0.133,0.055,0.187,0.189,613333
module.PIL.PsdImagePlugin.c,PIL,False,direct_cache_hit,2026-09-23T10:34:30.802837,0.136,0.055,0.190,0.190,510127
module.PIL.QoiImagePlugin.c,PIL,False,direct_cache_hit,2026-09-23T10:34:30.992967,0.143,0.055,0.197,0.198,565608
module.PIL.SgiImagePlugin.c,PIL,False,direct_cache_hit,2026-09-23T10:34:31.186130,0.140,0.050,0.190,0.191,349799
module.PIL.SpiderImagePlugin.c,PIL,False,direct_cache_hit,2026-09-23T10:34:31.378618,0.132,0.052,0.185,0.184,498472
module.PIL.SunImagePlugin.c,PIL,False,direct_cache_hit,2026-09-23T10:34:31.557934,0.139,0.047,0.186,0.185,201939
module.PIL.TarIO.c,PIL,False,direct_cache_hit,2026-09-23T10:34:31.740480,0.124,0.044,0.167,0.168,99119
module.PIL.TgaImagePlugin.c,PIL,False,direct_cache_hit,2026-09-23T10:34:31.909903,0.127,0.046,0.173,0.171,392073
module.PIL.TiffImagePlugin.c,PIL,False,direct_cache_hit,2026-09-23T10:34:32.127176,0.152,0.090,0.242,0.242,4144390
module.PIL.TiffTags.c,PIL,False,direct_cache_hit,2026-09-23T10:34:32.329660,0.140,0.051,0.190,0.192,524357
module.PIL.WalImageFile.c,PIL,False,direct_cache_hit,2026-09-23T10:34:32.514003,0.138,0.045,0.182,0.183,153183
module.PIL.WebPImagePlugin.c,PIL,False,direct_cache_hit,2026-09-23T10:34:32.695434,0.141,0.044,0.184,0.185,544040
module.PIL.WmfImagePlugin.c,PIL,False,direct_cache_hit,2026-09-23T10:34:32.889318,0.134,0.053,0.188,0.187,323224
module.PIL.XVThumbImagePlugin.c,PIL,False,direct_cache_hit,2026-09-23T10:34:33.072934,0.133,0.049,0.182,0.182,177921
module.PIL.XbmImagePlugin.c,PIL,False,direct_cache_hit,2026-09-23T10:34:33.247965,0.140,0.042,0.182,0.181,188781
module.PIL.XpmImagePlugin.c,PIL,False,direct_cache_hit,2026-09-23T10:34:33.434622,0.140,0.047,0.187,0.183,310464
module.PIL.__main__.c,PIL,False,direct_cache_hit,2026-09-23T10:34:33.620379,0.141,0.046,0.186,0.191,33901
module.PIL._binary.c,PIL,False,direct_cache_hit,2026-09-23T10:34:33.805679,0.137,0.045,0.181,0.181,162920
module.PIL._deprecate.c,PIL,False,direct_cache_hit,2026-09-23T10:34:33.994731,0.137,0.052,0.189,0.190,83578
module.PIL._tkinter_finder.c,PIL,False,direct_cache_hit,2026-09-23T10:34:34.176203,0.135,0.045,0.180,0.180,43416
module.PIL._typing.c,PIL,False,direct_cache_hit,2026-09-23T10:34:34.351188,0.138,0.040,0.177,0.177,93050
module.PIL._util.c,PIL,False,direct_cache_hit,2026-09-23T10:34:34.527239,0.138,0.038,0.176,0.177,72646
module.PIL._version.c,PIL,False,direct_cache_hit,2026-09-23T10:34:34.709065,0.136,0.044,0.180,0.180,25365
module.PIL.c,PIL,False,direct_cache_hit,2026-09-23T10:34:34.883500,0.131,0.038,0.169,0.169,64639
module.PIL.features.c,PIL,False,direct_cache_hit,2026-09-23T10:34:35.062544,0.148,0.048,0.196,0.195,494779
module.PIL.report.c,PIL,False,direct_cache_hit,2026-09-23T10:34:35.249989,0.128,0.040,0.168,0.168,31405
module.__main__.c,__main__,False,direct_cache_hit,2026-09-23T10:34:35.424360,0.133,0.046,0.179,0.178,272433
module.__parents_main__-preLoad.c,__parents_main__-preLoad,False,direct_cache_hit,2026-09-23T10:34:35.616426,0.135,0.059,0.194,0.196,31971
module.__parents_main__.c,__parents_main__,False,direct_cache_hit,2026-09-23T10:34:35.795823,0.131,0.045,0.176,0.176,71512
module.annotated_doc.c,annotated_doc,False,direct_cache_hit,2026-09-23T10:34:35.969606,0.129,0.043,0.171,0.172,36286
module.annotated_doc.main.c,annotated_doc,False,direct_cache_hit,2026-09-23T10:34:36.148923,0.128,0.051,0.179,0.178,76414
module.annotated_types.c,annotated_types,False,direct_cache_hit,2026-09-23T10:34:36.337306,0.137,0.060,0.198,0.197,1020384
module.anyio-preLoad.c,anyio-preLoad,False,direct_cache_hit,2026-09-23T10:34:36.520459,0.140,0.046,0.186,0.186,41580
module.anyio._backends._asyncio.c,anyio,False,direct_cache_hit,2026-09-23T10:34:36.806056,0.139,0.145,0.284,0.285,6499917
module.anyio._backends.c,anyio,False,direct_cache_hit,2026-09-23T10:34:36.993189,0.147,0.048,0.195,0.194,36839
module.anyio._core._asyncio_selector_thread.c,anyio,False,direct_cache_hit,2026-09-23T10:34:37.185929,0.133,0.046,0.179,0.178,366893
module.anyio._core._concurrency_utils.c,anyio,False,direct_cache_hit,2026-09-23T10:34:37.365046,0.125,0.046,0.171,0.173,440557
module.anyio._core._contextmanagers.c,anyio,False,direct_cache_hit,2026-09-23T10:34:37.542783,0.143,0.053,0.196,0.195,320017
module.anyio._core._eventloop.c,anyio,False,direct_cache_hit,2026-09-23T10:34:37.730042,0.133,0.044,0.178,0.178,352455
module.anyio._core._exceptions.c,anyio,False,direct_cache_hit,2026-09-23T10:34:37.910903,0.143,0.048,0.190,0.192,588937
module.anyio._core._fileio.c,anyio,False,direct_cache_hit,2026-09-23T10:34:38.116842,0.127,0.063,0.190,0.189,1849143
module.anyio._core._futures.c,anyio,False,direct_cache_hit,2026-09-23T10:34:38.289008,0.140,0.045,0.186,0.186,345446
module.anyio._core._resources.c,anyio,False,direct_cache_hit,2026-09-23T10:34:38.476213,0.133,0.047,0.180,0.181,65843
module.anyio._core._signals.c,anyio,False,direct_cache_hit,2026-09-23T10:34:38.660894,0.128,0.051,0.179,0.178,51709
module.anyio._core._sockets.c,anyio,False,direct_cache_hit,2026-09-23T10:34:38.857380,0.130,0.069,0.199,0.198,1273186
module.anyio._core._streams.c,anyio,False,direct_cache_hit,2026-09-23T10:34:39.029997,0.136,0.043,0.179,0.179,120118
module.anyio._core._subprocesses.c,anyio,False,direct_cache_hit,2026-09-23T10:34:39.219369,0.128,0.053,0.181,0.182,284278
module.anyio._core._synchronization.c,anyio,False,direct_cache_hit,2026-09-23T10:34:39.412860,0.136,0.065,0.201,0.201,1524034
module.anyio._core._tasks.c,anyio,False,direct_cache_hit,2026-09-23T10:34:39.600063,0.130,0.052,0.182,0.181,731561
module.anyio._core._tempfile.c,anyio,False,direct_cache_hit,2026-09-23T10:34:39.792233,0.132,0.062,0.194,0.195,952938
module.anyio._core._testing.c,anyio,False,direct_cache_hit,2026-09-23T10:34:39.962642,0.137,0.039,0.176,0.173,151371
module.anyio._core._typedattr.c,anyio,False,direct_cache_hit,2026-09-23T10:34:40.153327,0.130,0.054,0.183,0.184,154687
module.anyio._core.c,anyio,False,direct_cache_hit,2026-09-23T10:34:40.328769,0.131,0.046,0.176,0.177,36463
module.anyio._lazyimport.c,anyio,False,direct_cache_hit,2026-09-23T10:34:40.509814,0.148,0.050,0.199,0.198,390548
module.anyio.abc._eventloop.c,anyio,False,direct_cache_hit,2026-09-23T10:34:40.717922,0.140,0.060,0.200,0.200,572761
module.anyio.abc._resources.c,anyio,False,direct_cache_hit,2026-09-23T10:34:40.903199,0.143,0.045,0.188,0.189,105509
module.anyio.abc._sockets.c,anyio,False,direct_cache_hit,2026-09-23T10:34:41.106437,0.126,0.060,0.186,0.187,836483
module.anyio.abc._streams.c,anyio,False,direct_cache_hit,2026-09-23T10:34:41.292494,0.143,0.060,0.203,0.202,576224
module.anyio.abc._subprocesses.c,anyio,False,direct_cache_hit,2026-09-23T10:34:41.498377,0.122,0.063,0.185,0.186,130662
module.anyio.abc._tasks.c,anyio,False,direct_cache_hit,2026-09-23T10:34:41.685483,0.126,0.065,0.190,0.191,301696
module.anyio.abc._testing.c,anyio,False,direct_cache_hit,2026-09-23T10:34:41.856532,0.144,0.045,0.189,0.189,113399
module.anyio.abc.c,anyio,False,direct_cache_hit,2026-09-23T10:34:42.047801,0.141,0.048,0.189,0.185,168845
module.anyio.c,anyio,False,direct_cache_hit,2026-09-23T10:34:42.237264,0.139,0.048,0.187,0.190,362184
module.anyio.from_thread.c,anyio,False,direct_cache_hit,2026-09-23T10:34:42.431370,0.130,0.055,0.185,0.186,941091
module.anyio.functools.c,anyio,False,direct_cache_hit,2026-09-23T10:34:42.614562,0.134,0.054,0.188,0.188,782862
module.anyio.itertools.c,anyio,False,direct_cache_hit,2026-09-23T10:34:42.823174,0.137,0.075,0.212,0.211,1273375
module.anyio.lowlevel.c,anyio,False,direct_cache_hit,2026-09-23T10:34:43.007916,0.112,0.047,0.159,0.159,387169
module.anyio.streams.buffered.c,anyio,False,direct_cache_hit,2026-09-23T10:34:43.165467,0.130,0.046,0.176,0.176,444954
module.anyio.streams.c,anyio,False,direct_cache_hit,2026-09-23T10:34:43.337807,0.142,0.042,0.184,0.182,36651
module.anyio.streams.file.c,anyio,False,direct_cache_hit,2026-09-23T10:34:43.527612,0.136,0.048,0.184,0.186,407401
module.anyio.streams.memory.c,anyio,False,direct_cache_hit,2026-09-23T10:34:43.724380,0.134,0.061,0.196,0.195,720184
module.anyio.streams.stapled.c,anyio,False,direct_cache_hit,2026-09-23T10:34:43.911561,0.155,0.053,0.208,0.208,447909
module.anyio.streams.text.c,anyio,False,direct_cache_hit,2026-09-23T10:34:44.118825,0.125,0.052,0.177,0.179,452568
module.anyio.streams.tls.c,anyio,False,direct_cache_hit,2026-09-23T10:34:44.308558,0.152,0.065,0.217,0.215,874209
module.anyio.to_interpreter.c,anyio,False,direct_cache_hit,2026-09-23T10:34:44.507592,0.152,0.047,0.199,0.199,282127
module.anyio.to_process-postLoad.c,anyio,False,direct_cache_hit,2026-09-23T10:34:44.714360,0.142,0.055,0.196,0.197,152924
module.anyio.to_process.c,anyio,False,direct_cache_hit,2026-09-23T10:34:44.911747,0.144,0.056,0.200,0.198,601731
module.anyio.to_thread.c,anyio,False,direct_cache_hit,2026-09-23T10:34:45.105231,0.140,0.049,0.190,0.191,98231
module.attr._cmp.c,attr,False,direct_cache_hit,2026-09-23T10:34:45.291283,0.127,0.046,0.172,0.173,176056
module.attr._compat.c,attr,False,direct_cache_hit,2026-09-23T10:34:45.462227,0.129,0.044,0.173,0.174,130546
module.attr._config.c,attr,False,direct_cache_hit,2026-09-23T10:34:45.644779,0.135,0.054,0.189,0.188,44810
module.attr._funcs.c,attr,False,direct_cache_hit,2026-09-23T10:34:45.839054,0.130,0.059,0.190,0.189,373394
module.attr._make.c,attr,False,direct_cache_hit,2026-09-23T10:34:46.066213,0.144,0.097,0.241,0.241,3825078
module.attr._next_gen.c,attr,False,direct_cache_hit,2026-09-23T10:34:46.255771,0.132,0.046,0.178,0.178,217141
module.attr._version_info.c,attr,False,direct_cache_hit,2026-09-23T10:34:46.431511,0.134,0.044,0.177,0.176,156199
module.attr.c,attr,False,direct_cache_hit,2026-09-23T10:34:46.612238,0.122,0.047,0.169,0.170,181328
module.attr.converters.c,attr,False,direct_cache_hit,2026-09-23T10:34:46.778115,0.133,0.044,0.177,0.177,148579
module.attr.exceptions.c,attr,False,direct_cache_hit,2026-09-23T10:34:46.970029,0.148,0.059,0.206,0.206,252784
module.attr.filters.c,attr,False,direct_cache_hit,2026-09-23T10:34:47.182307,0.138,0.065,0.202,0.203,136024
module.attr.setters.c,attr,False,direct_cache_hit,2026-09-23T10:34:47.378995,0.147,0.059,0.206,0.207,94533
module.attr.validators.c,attr,False,direct_cache_hit,2026-09-23T10:34:47.584468,0.139,0.058,0.197,0.196,955902
module.attrs.c,attrs,False,direct_cache_hit,2026-09-23T10:34:47.777529,0.148,0.054,0.202,0.203,86201
module.attrs.converters.c,attrs,False,direct_cache_hit,2026-09-23T10:34:47.983442,0.151,0.058,0.209,0.207,25826
module.attrs.exceptions.c,attrs,False,direct_cache_hit,2026-09-23T10:34:48.176108,0.147,0.041,0.188,0.189,25826
module.attrs.filters.c,attrs,False,direct_cache_hit,2026-09-23T10:34:48.366678,0.145,0.044,0.189,0.189,25613
module.attrs.setters.c,attrs,False,direct_cache_hit,2026-09-23T10:34:48.575772,0.142,0.064,0.206,0.206,25613
module.attrs.validators.c,attrs,False,direct_cache_hit,2026-09-23T10:34:48.774529,0.149,0.057,0.206,0.206,25826
module.blake3.c,blake3,False,direct_cache_hit,2026-09-23T10:34:48.982283,0.133,0.058,0.191,0.192,42803
module.certifi.c,certifi,False,direct_cache_hit,2026-09-23T10:34:49.157258,0.139,0.042,0.181,0.180,38625
module.certifi.core.c,certifi,False,direct_cache_hit,2026-09-23T10:34:49.353084,0.137,0.057,0.194,0.194,78046
module.cffi._imp_emulation.c,cffi,False,direct_cache_hit,2026-09-23T10:34:49.549277,0.145,0.060,0.204,0.205,263404
module.cffi.api.c,cffi,False,direct_cache_hit,2026-09-23T10:34:49.772581,0.143,0.079,0.222,0.222,1515753
module.cffi.c,cffi,False,direct_cache_hit,2026-09-23T10:34:49.971601,0.143,0.056,0.199,0.199,50670
module.cffi.commontypes.c,cffi,False,direct_cache_hit,2026-09-23T10:34:50.158776,0.138,0.044,0.182,0.184,152900
module.cffi.cparser.c,cffi,False,direct_cache_hit,2026-09-23T10:34:50.365988,0.148,0.069,0.217,0.215,1732554
module.cffi.error.c,cffi,False,direct_cache_hit,2026-09-23T10:34:50.571607,0.139,0.058,0.197,0.197,162278
module.cffi.ffiplatform.c,cffi,False,direct_cache_hit,2026-09-23T10:34:50.767519,0.136,0.057,0.193,0.193,201058
module.cffi.lock.c,cffi,False,direct_cache_hit,2026-09-23T10:34:50.965292,0.147,0.062,0.208,0.210,32017
module.cffi.model.c,cffi,False,direct_cache_hit,2026-09-23T10:34:51.195272,0.137,0.083,0.220,0.219,1531810
module.cffi.pkgconfig.c,cffi,False,direct_cache_hit,2026-09-23T10:34:51.379130,0.151,0.047,0.198,0.198,287356
module.cffi.vengine_cpy.c,cffi,False,direct_cache_hit,2026-09-23T10:34:51.608770,0.147,0.079,0.226,0.225,1479260
module.cffi.vengine_gen.c,cffi,False,direct_cache_hit,2026-09-23T10:34:51.831852,0.137,0.076,0.212,0.213,1242658
module.cffi.verifier.c,cffi,False,direct_cache_hit,2026-09-23T10:34:52.045053,0.113,0.076,0.190,0.192,581297
module.click._compat.c,click,False,direct_cache_hit,2026-09-23T10:34:52.209931,0.134,0.051,0.186,0.184,969073
module.click._termui_impl.c,click,False,direct_cache_hit,2026-09-23T10:34:52.403031,0.128,0.059,0.187,0.187,1300534
module.click._textwrap.c,click,False,direct_cache_hit,2026-09-23T10:34:52.576593,0.122,0.045,0.167,0.169,302830
module.click._utils.c,click,False,direct_cache_hit,2026-09-23T10:34:52.747065,0.123,0.049,0.171,0.171,90518
module.click._winconsole.c,click,False,direct_cache_hit,2026-09-23T10:34:52.915778,0.124,0.046,0.170,0.170,680611
module.click.c,click,False,direct_cache_hit,2026-09-23T10:34:53.083695,0.127,0.044,0.171,0.171,256880
module.click.core.c,click,False,direct_cache_hit,2026-09-23T10:34:53.316779,0.128,0.106,0.234,0.236,4020412
module.click.decorators.c,click,False,direct_cache_hit,2026-09-23T10:34:53.491950,0.136,0.047,0.183,0.180,578547
module.click.exceptions.c,click,False,direct_cache_hit,2026-09-23T10:34:53.689950,0.116,0.062,0.177,0.177,811209
module.click.formatting.c,click,False,direct_cache_hit,2026-09-23T10:34:53.856080,0.147,0.051,0.198,0.198,543060
module.click.globals.c,click,False,direct_cache_hit,2026-09-23T10:34:54.065073,0.135,0.062,0.197,0.197,100299
module.click.parser.c,click,False,direct_cache_hit,2026-09-23T10:34:54.254449,0.133,0.054,0.187,0.187,703005
module.click.shell_completion.c,click,False,direct_cache_hit,2026-09-23T10:34:54.436961,0.117,0.050,0.167,0.166,905563
module.click.termui.c,click,False,direct_cache_hit,2026-09-23T10:34:54.616023,0.124,0.062,0.186,0.188,701695
module.click.types.c,click,False,direct_cache_hit,2026-09-23T10:34:54.826241,0.135,0.086,0.221,0.222,2150569
module.click.utils.c,click,False,direct_cache_hit,2026-09-23T10:34:55.022061,0.128,0.061,0.189,0.188,684894
module.colorama.ansi.c,colorama,False,direct_cache_hit,2026-09-23T10:34:55.191281,0.127,0.041,0.169,0.168,316618
module.colorama.ansitowin32.c,colorama,False,direct_cache_hit,2026-09-23T10:34:55.371728,0.124,0.053,0.177,0.179,663668
module.colorama.c,colorama,False,direct_cache_hit,2026-09-23T10:34:55.553293,0.135,0.057,0.193,0.191,54161
module.colorama.initialise.c,colorama,False,direct_cache_hit,2026-09-23T10:34:55.748369,0.123,0.060,0.182,0.182,194468
module.colorama.win32.c,colorama,False,direct_cache_hit,2026-09-23T10:34:55.930024,0.143,0.059,0.202,0.202,394866
module.colorama.winterm.c,colorama,False,direct_cache_hit,2026-09-23T10:34:56.125551,0.125,0.053,0.178,0.178,410645
module.commctrl.c,commctrl,False,direct_cache_hit,2026-09-23T10:34:56.322497,0.134,0.072,0.206,0.206,1880045
module.cryptography.__about__.c,cryptography,False,direct_cache_hit,2026-09-23T10:34:56.497981,0.130,0.041,0.171,0.171,32495
module.cryptography.c,cryptography,False,direct_cache_hit,2026-09-23T10:34:56.665686,0.122,0.038,0.160,0.161,40331
module.cryptography.exceptions.c,cryptography,False,direct_cache_hit,2026-09-23T10:34:56.834307,0.141,0.047,0.188,0.188,219688
module.cryptography.hazmat.bindings.c,cryptography,False,direct_cache_hit,2026-09-23T10:34:57.021490,0.146,0.046,0.192,0.189,43464
module.cryptography.hazmat.c,cryptography,False,direct_cache_hit,2026-09-23T10:34:57.210665,0.132,0.043,0.175,0.176,38010
module.cryptography.hazmat.decrepit.c,cryptography,False,direct_cache_hit,2026-09-23T10:34:57.386362,0.133,0.044,0.176,0.178,43464
module.cryptography.hazmat.decrepit.ciphers.algorithms.c,cryptography,False,direct_cache_hit,2026-09-23T10:34:57.569626,0.131,0.051,0.182,0.183,467946
module.cryptography.hazmat.decrepit.ciphers.c,cryptography,False,direct_cache_hit,2026-09-23T10:34:57.744448,0.117,0.044,0.161,0.160,48869
module.cryptography.hazmat.decrepit.ciphers.modes.c,cryptography,False,direct_cache_hit,2026-09-23T10:34:57.917541,0.101,0.056,0.157,0.158,189288
module.cryptography.hazmat.primitives._cipheralgorithm.c,cryptography,False,direct_cache_hit,2026-09-23T10:34:58.075164,0.115,0.057,0.172,0.172,141445
module.cryptography.hazmat.primitives._modes.c,cryptography,False,direct_cache_hit,2026-09-23T10:34:58.234993,0.130,0.044,0.174,0.173,309556
module.cryptography.hazmat.primitives.c,cryptography,False,direct_cache_hit,2026-09-23T10:34:58.423327,0.131,0.059,0.190,0.191,43662
module.cryptography.hazmat.primitives.ciphers.algorithms.c,cryptography,False,direct_cache_hit,2026-09-23T10:34:58.611163,0.116,0.056,0.173,0.172,336418
module.cryptography.hazmat.primitives.ciphers.base.c,cryptography,False,direct_cache_hit,2026-09-23T10:34:58.787933,0.134,0.061,0.195,0.194,337108
module.cryptography.hazmat.primitives.ciphers.c,cryptography,False,direct_cache_hit,2026-09-23T10:34:58.973081,0.131,0.051,0.182,0.184,67209
module.cryptography.hazmat.primitives.ciphers.modes.c,cryptography,False,direct_cache_hit,2026-09-23T10:34:59.148177,0.138,0.044,0.182,0.182,440076
module.cryptography.hazmat.primitives.padding.c,cryptography,False,direct_cache_hit,2026-09-23T10:34:59.334274,0.141,0.048,0.189,0.188,197614
module.cryptography.utils.c,cryptography,False,direct_cache_hit,2026-09-23T10:34:59.522182,0.173,0.047,0.219,0.219,333291
module.cv2.Error.c,cv2,False,direct_cache_hit,2026-09-23T10:34:59.761998,0.180,0.067,0.247,0.248,27750
module.cv2.aruco.c,cv2,False,direct_cache_hit,2026-09-23T10:35:00.007887,0.145,0.066,0.211,0.211,27750
module.cv2.barcode.c,cv2,False,direct_cache_hit,2026-09-23T10:35:00.204869,0.132,0.052,0.184,0.186,27870
module.cv2.c,cv2,False,direct_cache_hit,2026-09-23T10:35:00.394751,0.130,0.058,0.188,0.188,336494
module.cv2.ccm.c,cv2,False,direct_cache_hit,2026-09-23T10:35:00.571480,0.128,0.046,0.174,0.174,27630
module.cv2.config-3.c,cv2,False,direct_cache_hit,2026-09-23T10:35:00.754771,0.131,0.055,0.186,0.186,84733
module.cv2.config.c,cv2,False,direct_cache_hit,2026-09-23T10:35:00.946101,0.146,0.060,0.206,0.207,35700
module.cv2.cuda.c,cv2,False,direct_cache_hit,2026-09-23T10:35:01.151008,0.127,0.059,0.186,0.185,27690
module.cv2.data.c,cv2,False,direct_cache_hit,2026-09-23T10:35:01.330058,0.131,0.052,0.183,0.185,41891
module.cv2.detail.c,cv2,False,direct_cache_hit,2026-09-23T10:35:01.508687,0.144,0.048,0.191,0.191,27810
module.cv2.dnn.c,cv2,False,direct_cache_hit,2026-09-23T10:35:01.706738,0.141,0.054,0.195,0.193,27630
module.cv2.fisheye.c,cv2,False,direct_cache_hit,2026-09-23T10:35:01.908384,0.125,0.061,0.186,0.187,27870
module.cv2.flann.c,cv2,False,direct_cache_hit,2026-09-23T10:35:02.085987,0.123,0.053,0.175,0.177,27750
module.cv2.instr.c,cv2,False,direct_cache_hit,2026-09-23T10:35:02.261133,0.129,0.052,0.181,0.180,27750
module.cv2.ipp.c,cv2,False,direct_cache_hit,2026-09-23T10:35:02.442317,0.133,0.052,0.185,0.185,27630
module.cv2.load_config_py2.c,cv2,False,direct_cache_hit,2026-09-23T10:35:02.622236,0.132,0.047,0.179,0.181,24270
module.cv2.load_config_py3.c,cv2,False,direct_cache_hit,2026-09-23T10:35:02.816572,0.122,0.062,0.184,0.181,57918
module.cv2.mat_wrapper.c,cv2,False,direct_cache_hit,2026-09-23T10:35:03.000571,0.129,0.062,0.191,0.195,121252
module.cv2.mcc.c,cv2,False,direct_cache_hit,2026-09-23T10:35:03.179048,0.125,0.049,0.174,0.173,27630
module.cv2.misc.c,cv2,False,direct_cache_hit,2026-09-23T10:35:03.368572,0.131,0.065,0.195,0.196,39488
module.cv2.misc.version.c,cv2,False,direct_cache_hit,2026-09-23T10:35:03.546232,0.123,0.047,0.170,0.170,36009
module.cv2.ocl.c,cv2,False,direct_cache_hit,2026-09-23T10:35:03.726578,0.130,0.057,0.187,0.187,27630
module.cv2.ogl.c,cv2,False,direct_cache_hit,2026-09-23T10:35:03.905675,0.152,0.049,0.201,0.200,27630
module.cv2.parallel.c,cv2,False,direct_cache_hit,2026-09-23T10:35:04.106524,0.118,0.048,0.166,0.167,27930
module.cv2.samples.c,cv2,False,direct_cache_hit,2026-09-23T10:35:04.273188,0.126,0.049,0.175,0.175,27870
module.cv2.segmentation.c,cv2,False,direct_cache_hit,2026-09-23T10:35:04.449026,0.129,0.050,0.180,0.178,28170
module.cv2.typing.c,cv2,False,cache_miss,2026-09-23T10:35:04.637666,3.895,0.059,3.954,3.868,164381
module.cv2.utils.c,cv2,False,direct_cache_hit,2026-09-23T10:35:08.597857,0.144,0.065,0.209,0.296,62090
module.cv2.version.c,cv2,False,cache_miss,2026-09-23T10:35:08.790724,3.076,0.049,3.125,3.035,27040
module.cv2.videoio_registry.c,cv2,False,direct_cache_hit,2026-09-23T10:35:11.917427,0.131,0.051,0.182,0.272,28410
module.datasketch.aio.c,datasketch,False,direct_cache_hit,2026-09-23T10:35:12.093475,0.135,0.045,0.180,0.178,45597
module.datasketch.aio.lsh.c,datasketch,False,direct_cache_hit,2026-09-23T10:35:12.305398,0.129,0.077,0.206,0.209,1152930
module.datasketch.aio.storage.c,datasketch,False,direct_cache_hit,2026-09-23T10:35:12.516992,0.137,0.082,0.220,0.219,1605294
module.datasketch.b_bit_minhash.c,datasketch,False,direct_cache_hit,2026-09-23T10:35:12.709740,0.129,0.055,0.184,0.184,421447
module.datasketch.c,datasketch,False,direct_cache_hit,2026-09-23T10:35:12.900294,0.135,0.062,0.197,0.197,103891
module.datasketch.experimental.aio.c,datasketch,False,direct_cache_hit,2026-09-23T10:35:13.084002,0.136,0.049,0.185,0.185,78106
module.datasketch.experimental.aio.lsh.c,datasketch,False,direct_cache_hit,2026-09-23T10:35:13.272402,0.143,0.052,0.196,0.195,61888
module.datasketch.experimental.c,datasketch,False,direct_cache_hit,2026-09-23T10:35:13.468952,0.124,0.053,0.177,0.176,64753
module.datasketch.hashfunc.c,datasketch,False,direct_cache_hit,2026-09-23T10:35:13.647250,0.121,0.054,0.175,0.176,59237
module.datasketch.hnsw.c,datasketch,False,direct_cache_hit,2026-09-23T10:35:13.846949,0.130,0.079,0.209,0.210,1589686
module.datasketch.hyperloglog.c,datasketch,False,direct_cache_hit,2026-09-23T10:35:14.046482,0.130,0.069,0.199,0.199,615758
module.datasketch.hyperloglog_const.c,datasketch,False,direct_cache_hit,2026-09-23T10:35:14.222513,0.122,0.046,0.168,0.170,85081
module.datasketch.lean_minhash.c,datasketch,False,direct_cache_hit,2026-09-23T10:35:14.409518,0.125,0.065,0.190,0.188,433952
module.datasketch.lsh.c,datasketch,False,direct_cache_hit,2026-09-23T10:35:14.603971,0.128,0.070,0.197,0.198,956986
module.datasketch.lsh_bloom.c,datasketch,False,direct_cache_hit,2026-09-23T10:35:14.790272,0.122,0.059,0.181,0.181,508485
module.datasketch.lshensemble.c,datasketch,False,direct_cache_hit,2026-09-23T10:35:14.975820,0.122,0.063,0.185,0.185,640747
module.datasketch.lshensemble_partition.c,datasketch,False,direct_cache_hit,2026-09-23T10:35:15.157004,0.114,0.059,0.173,0.172,342972
module.datasketch.lshforest.c,datasketch,False,direct_cache_hit,2026-09-23T10:35:15.329788,0.110,0.059,0.169,0.171,446216
module.datasketch.minhash.c,datasketch,False,direct_cache_hit,2026-09-23T10:35:15.510273,0.127,0.070,0.197,0.195,865385
module.datasketch.storage.c,datasketch,False,direct_cache_hit,2026-09-23T10:35:15.708704,0.129,0.072,0.201,0.201,1975611
module.datasketch.weighted_minhash.c,datasketch,False,direct_cache_hit,2026-09-23T10:35:15.887039,0.131,0.049,0.180,0.179,381443
module.docx.api.c,docx,False,direct_cache_hit,2026-09-23T10:35:16.065879,0.124,0.048,0.172,0.173,84468
module.docx.blkcntnr.c,docx,False,direct_cache_hit,2026-09-23T10:35:16.237838,0.115,0.048,0.163,0.165,210862
module.docx.c,docx,False,direct_cache_hit,2026-09-23T10:35:16.392256,0.106,0.040,0.146,0.146,154859
module.docx.comments.c,docx,False,direct_cache_hit,2026-09-23T10:35:16.541160,0.133,0.043,0.176,0.173,284999
module.docx.dml.c,docx,False,direct_cache_hit,2026-09-23T10:35:16.721516,0.127,0.047,0.175,0.175,36190
module.docx.dml.color.c,docx,False,direct_cache_hit,2026-09-23T10:35:16.894027,0.135,0.045,0.180,0.180,197733
module.docx.document.c,docx,False,direct_cache_hit,2026-09-23T10:35:17.079279,0.133,0.050,0.184,0.184,444606
module.docx.drawing.c,docx,False,direct_cache_hit,2026-09-23T10:35:17.258522,0.133,0.046,0.179,0.178,122944
module.docx.enum.base.c,docx,False,direct_cache_hit,2026-09-23T10:35:17.437362,0.148,0.046,0.195,0.195,314263
module.docx.enum.c,docx,False,direct_cache_hit,2026-09-23T10:35:17.633828,0.131,0.048,0.179,0.181,36284
module.docx.enum.dml.c,docx,False,direct_cache_hit,2026-09-23T10:35:17.812975,0.123,0.048,0.171,0.169,122644
module.docx.enum.section.c,docx,False,direct_cache_hit,2026-09-23T10:35:17.987886,0.127,0.052,0.179,0.181,133266
module.docx.enum.shape.c,docx,False,direct_cache_hit,2026-09-23T10:35:18.171816,0.128,0.057,0.185,0.186,66849
module.docx.enum.style.c,docx,False,direct_cache_hit,2026-09-23T10:35:18.353390,0.110,0.054,0.163,0.163,332835
module.docx.enum.table.c,docx,False,direct_cache_hit,2026-09-23T10:35:18.515862,0.122,0.053,0.174,0.174,162710
module.docx.enum.text.c,docx,False,direct_cache_hit,2026-09-23T10:35:18.695026,0.137,0.058,0.194,0.194,335308
module.docx.exceptions.c,docx,False,direct_cache_hit,2026-09-23T10:35:18.884650,0.126,0.053,0.179,0.178,93524
module.docx.image.bmp.c,docx,False,direct_cache_hit,2026-09-23T10:35:19.065248,0.128,0.054,0.183,0.180,124945
module.docx.image.c,docx,False,direct_cache_hit,2026-09-23T10:35:19.243461,0.122,0.050,0.172,0.176,84477
module.docx.image.constants.c,docx,False,direct_cache_hit,2026-09-23T10:35:19.418550,0.126,0.053,0.179,0.179,170799
module.docx.image.exceptions.c,docx,False,direct_cache_hit,2026-09-23T10:35:19.594193,0.119,0.050,0.169,0.168,89192
module.docx.image.gif.c,docx,False,direct_cache_hit,2026-09-23T10:35:19.764262,0.120,0.051,0.171,0.172,123364
module.docx.image.helpers.c,docx,False,direct_cache_hit,2026-09-23T10:35:19.934632,0.130,0.050,0.180,0.180,200702
module.docx.image.image.c,docx,False,direct_cache_hit,2026-09-23T10:35:20.123298,0.123,0.058,0.181,0.182,408691
module.docx.image.jpeg.c,docx,False,direct_cache_hit,2026-09-23T10:35:20.318993,0.120,0.073,0.193,0.192,849840
module.docx.image.png.c,docx,False,direct_cache_hit,2026-09-23T10:35:20.504502,0.114,0.066,0.180,0.180,606015
module.docx.image.tiff.c,docx,False,direct_cache_hit,2026-09-23T10:35:20.685511,0.112,0.067,0.178,0.179,625686
module.docx.opc.c,docx,False,direct_cache_hit,2026-09-23T10:35:20.850014,0.112,0.053,0.165,0.159,36190
module.docx.opc.constants.c,docx,False,direct_cache_hit,2026-09-23T10:35:21.015860,0.133,0.053,0.186,0.189,291578
module.docx.opc.coreprops.c,docx,False,direct_cache_hit,2026-09-23T10:35:21.198015,0.121,0.050,0.170,0.170,339847
module.docx.opc.exceptions.c,docx,False,direct_cache_hit,2026-09-23T10:35:21.370054,0.140,0.051,0.192,0.192,72523
module.docx.opc.oxml.c,docx,False,direct_cache_hit,2026-09-23T10:35:21.579166,0.141,0.069,0.210,0.211,588565
module.docx.opc.package.c,docx,False,direct_cache_hit,2026-09-23T10:35:21.781041,0.130,0.061,0.191,0.191,448817
module.docx.opc.packuri.c,docx,False,direct_cache_hit,2026-09-23T10:35:21.965076,0.133,0.054,0.187,0.186,189587
module.docx.opc.part.c,docx,False,direct_cache_hit,2026-09-23T10:35:22.152961,0.129,0.055,0.184,0.185,407273
module.docx.opc.parts.c,docx,False,direct_cache_hit,2026-09-23T10:35:22.328314,0.129,0.047,0.176,0.173,41324
module.docx.opc.parts.coreprops.c,docx,False,direct_cache_hit,2026-09-23T10:35:22.501303,0.133,0.044,0.178,0.180,146538
module.docx.opc.phys_pkg.c,docx,False,direct_cache_hit,2026-09-23T10:35:22.678214,0.130,0.044,0.173,0.171,343668
module.docx.opc.pkgreader.c,docx,False,direct_cache_hit,2026-09-23T10:35:22.859740,0.136,0.052,0.188,0.189,549881
module.docx.opc.pkgwriter.c,docx,False,direct_cache_hit,2026-09-23T10:35:23.043762,0.113,0.048,0.161,0.162,254271
module.docx.opc.rel.c,docx,False,direct_cache_hit,2026-09-23T10:35:23.200398,0.113,0.043,0.156,0.156,336305
module.docx.opc.shared.c,docx,False,direct_cache_hit,2026-09-23T10:35:23.352423,0.118,0.039,0.158,0.157,113647
module.docx.opc.spec.c,docx,False,direct_cache_hit,2026-09-23T10:35:23.504869,0.126,0.034,0.160,0.159,68859
module.docx.oxml.c,docx,False,direct_cache_hit,2026-09-23T10:35:23.679771,0.115,0.049,0.164,0.165,653677
module.docx.oxml.comments.c,docx,False,direct_cache_hit,2026-09-23T10:35:23.860635,0.121,0.066,0.186,0.187,264755
module.docx.oxml.coreprops.c,docx,False,direct_cache_hit,2026-09-23T10:35:24.036123,0.115,0.055,0.170,0.167,651764
module.docx.oxml.document.c,docx,False,direct_cache_hit,2026-09-23T10:35:24.196483,0.120,0.045,0.165,0.167,190786
module.docx.oxml.drawing.c,docx,False,direct_cache_hit,2026-09-23T10:35:24.354386,0.117,0.038,0.155,0.153,55359
module.docx.oxml.exceptions.c,docx,False,direct_cache_hit,2026-09-23T10:35:24.511363,0.121,0.040,0.161,0.163,72648
module.docx.oxml.ns.c,docx,False,direct_cache_hit,2026-09-23T10:35:24.702361,0.137,0.070,0.207,0.206,223732
module.docx.oxml.numbering.c,docx,False,direct_cache_hit,2026-09-23T10:35:24.892140,0.129,0.052,0.181,0.183,288509
module.docx.oxml.parser.c,docx,False,direct_cache_hit,2026-09-23T10:35:25.065464,0.133,0.044,0.177,0.177,112565
module.docx.oxml.section.c,docx,False,direct_cache_hit,2026-09-23T10:35:25.254822,0.118,0.057,0.175,0.175,1008755
module.docx.oxml.settings.c,docx,False,direct_cache_hit,2026-09-23T10:35:25.415281,0.130,0.042,0.172,0.171,109777
module.docx.oxml.shape.c,docx,False,direct_cache_hit,2026-09-23T10:35:25.596117,0.125,0.051,0.176,0.178,764604
module.docx.oxml.shared.c,docx,False,direct_cache_hit,2026-09-23T10:35:25.758579,0.116,0.037,0.153,0.152,196744
module.docx.oxml.simpletypes.c,docx,False,direct_cache_hit,2026-09-23T10:35:25.937269,0.120,0.063,0.182,0.180,1488048
module.docx.oxml.styles.c,docx,False,direct_cache_hit,2026-09-23T10:35:26.103841,0.119,0.047,0.166,0.166,671586
module.docx.oxml.table.c,docx,False,direct_cache_hit,2026-09-23T10:35:26.286480,0.125,0.064,0.188,0.191,1920603
module.docx.oxml.text.c,docx,False,direct_cache_hit,2026-09-23T10:35:26.449946,0.116,0.039,0.155,0.153,41315
module.docx.oxml.text.font.c,docx,False,direct_cache_hit,2026-09-23T10:35:26.612404,0.124,0.047,0.171,0.172,757336
module.docx.oxml.text.hyperlink.c,docx,False,direct_cache_hit,2026-09-23T10:35:26.779439,0.118,0.043,0.162,0.162,153035
module.docx.oxml.text.pagebreak.c,docx,False,direct_cache_hit,2026-09-23T10:35:26.976537,0.119,0.079,0.197,0.198,311279
module.docx.oxml.text.paragraph.c,docx,False,direct_cache_hit,2026-09-23T10:35:27.142548,0.128,0.047,0.175,0.172,260305
module.docx.oxml.text.parfmt.c,docx,False,direct_cache_hit,2026-09-23T10:35:27.320695,0.120,0.050,0.170,0.172,751142
module.docx.oxml.text.run.c,docx,False,direct_cache_hit,2026-09-23T10:35:27.483568,0.123,0.043,0.167,0.166,631883
module.docx.oxml.xmlchemy.c,docx,False,direct_cache_hit,2026-09-23T10:35:27.665196,0.120,0.058,0.178,0.179,1536826
module.docx.package.c,docx,False,direct_cache_hit,2026-09-23T10:35:27.829119,0.123,0.044,0.167,0.167,287788
module.docx.parts.c,docx,False,direct_cache_hit,2026-09-23T10:35:28.005664,0.106,0.053,0.160,0.160,36378
module.docx.parts.comments.c,docx,False,direct_cache_hit,2026-09-23T10:35:28.154860,0.112,0.043,0.155,0.155,179363
module.docx.parts.document.c,docx,False,direct_cache_hit,2026-09-23T10:35:28.309671,0.131,0.042,0.174,0.172,385878
module.docx.parts.hdrftr.c,docx,False,direct_cache_hit,2026-09-23T10:35:28.485189,0.119,0.044,0.163,0.165,193544
module.docx.parts.image.c,docx,False,direct_cache_hit,2026-09-23T10:35:28.652148,0.115,0.048,0.163,0.163,194811
module.docx.parts.numbering.c,docx,False,direct_cache_hit,2026-09-23T10:35:28.808112,0.115,0.041,0.156,0.155,117726
module.docx.parts.settings.c,docx,False,direct_cache_hit,2026-09-23T10:35:28.963486,0.118,0.040,0.159,0.159,168826
module.docx.parts.story.c,docx,False,direct_cache_hit,2026-09-23T10:35:29.124646,0.120,0.043,0.162,0.162,201486
module.docx.parts.styles.c,docx,False,direct_cache_hit,2026-09-23T10:35:29.286031,0.124,0.042,0.166,0.166,148268
module.docx.section.c,docx,False,direct_cache_hit,2026-09-23T10:35:29.465566,0.120,0.055,0.175,0.175,903491
module.docx.settings.c,docx,False,direct_cache_hit,2026-09-23T10:35:29.623624,0.123,0.038,0.161,0.163,101839
module.docx.shape.c,docx,False,direct_cache_hit,2026-09-23T10:35:29.788317,0.119,0.042,0.160,0.161,244170
module.docx.shared.c,docx,False,direct_cache_hit,2026-09-23T10:35:29.953592,0.121,0.046,0.168,0.167,704061
module.docx.styles.c,docx,False,direct_cache_hit,2026-09-23T10:35:30.118493,0.120,0.044,0.163,0.164,87399
module.docx.styles.latent.c,docx,False,direct_cache_hit,2026-09-23T10:35:30.282380,0.121,0.044,0.165,0.163,410427
module.docx.styles.style.c,docx,False,direct_cache_hit,2026-09-23T10:35:30.452572,0.115,0.049,0.165,0.165,505850
module.docx.styles.styles.c,docx,False,direct_cache_hit,2026-09-23T10:35:30.614697,0.115,0.047,0.162,0.164,302276
module.docx.table.c,docx,False,direct_cache_hit,2026-09-23T10:35:30.778311,0.118,0.049,0.167,0.166,1072232
module.docx.text.c,docx,False,direct_cache_hit,2026-09-23T10:35:30.937583,0.120,0.041,0.161,0.162,36284
module.docx.text.font.c,docx,False,direct_cache_hit,2026-09-23T10:35:31.104835,0.113,0.048,0.161,0.160,690492
module.docx.text.hyperlink.c,docx,False,direct_cache_hit,2026-09-23T10:35:31.257227,0.114,0.039,0.153,0.149,171665
module.docx.text.pagebreak.c,docx,False,direct_cache_hit,2026-09-23T10:35:31.411473,0.113,0.041,0.153,0.157,116185
module.docx.text.paragraph.c,docx,False,direct_cache_hit,2026-09-23T10:35:31.568445,0.115,0.044,0.159,0.157,359697
module.docx.text.parfmt.c,docx,False,direct_cache_hit,2026-09-23T10:35:31.723724,0.122,0.040,0.163,0.164,448055
module.docx.text.run.c,docx,False,direct_cache_hit,2026-09-23T10:35:31.893523,0.126,0.047,0.173,0.172,418552
module.docx.text.tabstops.c,docx,False,direct_cache_hit,2026-09-23T10:35:32.060843,0.120,0.042,0.162,0.164,279886
module.docx.types.c,docx,False,direct_cache_hit,2026-09-23T10:35:32.220100,0.116,0.039,0.155,0.153,92624
module.dotenv.c,dotenv,False,direct_cache_hit,2026-09-23T10:35:32.380553,0.135,0.045,0.180,0.181,91401
module.dotenv.main.c,dotenv,False,direct_cache_hit,2026-09-23T10:35:32.563260,0.130,0.047,0.177,0.177,811689
module.dotenv.parser.c,dotenv,False,direct_cache_hit,2026-09-23T10:35:32.739180,0.123,0.046,0.169,0.169,576553
module.dotenv.variables.c,dotenv,False,direct_cache_hit,2026-09-23T10:35:32.907057,0.122,0.045,0.166,0.167,334694
module.faiss.array_conversions.c,faiss,False,direct_cache_hit,2026-09-23T10:35:33.069399,0.114,0.041,0.155,0.150,333423
module.faiss.c,faiss,False,direct_cache_hit,2026-09-23T10:35:33.233605,0.125,0.050,0.175,0.180,1112814
module.faiss.class_wrappers.c,faiss,False,direct_cache_hit,2026-09-23T10:35:33.427381,0.131,0.069,0.200,0.200,2540331
module.faiss.contrib.big_batch_search.c,faiss,False,direct_cache_hit,2026-09-23T10:35:33.611333,0.114,0.053,0.166,0.166,990476
module.faiss.contrib.c,faiss,False,direct_cache_hit,2026-09-23T10:35:33.759538,0.117,0.035,0.152,0.153,36651
module.faiss.contrib.client_server.c,faiss,False,direct_cache_hit,2026-09-23T10:35:33.922285,0.122,0.045,0.168,0.167,302011
module.faiss.contrib.clustering.c,faiss,False,direct_cache_hit,2026-09-23T10:35:34.095005,0.116,0.050,0.166,0.168,875366
module.faiss.contrib.datasets.c,faiss,False,cache_miss,2026-09-23T10:35:34.266737,10.860,0.056,10.915,10.865,1299488
module.faiss.contrib.evaluation.c,faiss,False,cache_miss,2026-09-23T10:35:45.175816,14.078,0.049,14.128,14.088,1018938
module.faiss.contrib.exhaustive_search.c,faiss,False,cache_miss,2026-09-23T10:35:59.323630,10.836,0.069,10.906,10.907,708622
module.faiss.contrib.factory_tools.c,faiss,False,cache_miss,2026-09-23T10:36:10.221552,5.230,0.062,5.292,5.306,304859
module.faiss.contrib.inspect_tools.c,faiss,False,cache_miss,2026-09-23T10:36:15.495876,5.430,0.044,5.474,5.451,258128
module.faiss.contrib.ivf_tools.c,faiss,False,cache_miss,2026-09-23T10:36:20.983509,4.897,0.057,4.954,4.960,255795
module.faiss.contrib.ondisk.c,faiss,False,cache_miss,2026-09-23T10:36:25.930529,3.865,0.050,3.915,3.916,105605
module.faiss.contrib.rpc.c,faiss,False,cache_miss,2026-09-23T10:36:29.857018,6.897,0.061,6.959,6.987,505977
module.faiss.contrib.torch.c,faiss,False,cache_miss,2026-09-23T10:36:36.807020,3.220,0.053,3.273,3.284,41769
module.faiss.contrib.torch.clustering.c,faiss,False,cache_miss,2026-09-23T10:36:40.082517,3.846,0.055,3.901,3.898,178394
module.faiss.contrib.torch.quantization.c,faiss,False,cache_miss,2026-09-23T10:36:43.989097,4.547,0.061,4.607,4.616,276806
module.faiss.contrib.torch_utils.c,faiss,False,cache_miss,2026-09-23T10:36:48.597450,13.884,0.062,13.946,13.946,1409864
module.faiss.contrib.vecs_io.c,faiss,False,cache_miss,2026-09-23T10:37:02.534527,4.980,0.053,5.033,5.030,328265
module.faiss.extra_wrappers.c,faiss,False,cache_miss,2026-09-23T10:37:07.565971,10.135,0.051,10.186,10.185,1228236
module.faiss.gpu_wrappers.c,faiss,False,cache_miss,2026-09-23T10:37:17.739103,5.114,0.038,5.152,5.150,370264
module.faiss.loader.c,faiss,False,cache_miss,2026-09-23T10:37:22.897224,4.497,0.044,4.541,4.537,354338
module.faiss.swigfaiss.c,faiss,False,cache_miss,2026-09-23T10:37:27.987701,691.232,0.593,691.825,691.737,41173013
module.fastapi.__main__.c,fastapi,False,cache_miss,2026-09-23T10:48:59.313738,4.007,0.094,4.101,4.167,29982
module.fastapi._compat.c,fastapi,False,cache_miss,2026-09-23T10:49:03.395335,4.184,0.075,4.259,4.263,128914
module.fastapi._compat.shared.c,fastapi,False,cache_miss,2026-09-23T10:49:07.662353,7.543,0.083,7.626,7.629,571198
module.fastapi._compat.v2.c,fastapi,False,cache_miss,2026-09-23T10:49:15.283147,10.964,0.077,11.042,11.033,982300
module.fastapi.applications.c,fastapi,False,cache_miss,2026-09-23T10:49:26.353511,78.654,0.106,78.761,78.767,2660677
module.fastapi.background.c,fastapi,False,cache_miss,2026-09-23T10:50:45.066708,4.271,0.059,4.330,4.330,114033
module.fastapi.c,fastapi,False,cache_miss,2026-09-23T10:50:49.396880,3.700,0.059,3.759,3.767,92873
module.fastapi.cli.c,fastapi,False,cache_miss,2026-09-23T10:50:53.157295,3.766,0.060,3.826,3.807,43717
module.fastapi.concurrency.c,fastapi,False,cache_miss,2026-09-23T10:50:56.984045,4.230,0.061,4.291,4.306,117987
module.fastapi.datastructures.c,fastapi,False,cache_miss,2026-09-23T10:51:01.276068,6.179,0.062,6.241,6.243,362416
module.fastapi.dependencies.c,fastapi,False,cache_miss,2026-09-23T10:51:07.513587,3.616,0.058,3.674,3.673,37291
module.fastapi.dependencies.models.c,fastapi,False,cache_miss,2026-09-23T10:51:11.206689,6.564,0.077,6.641,6.639,449524
module.fastapi.dependencies.utils.c,fastapi,False,cache_miss,2026-09-23T10:51:17.861340,18.619,0.091,18.710,18.710,1888981
module.fastapi.encoders.c,fastapi,False,cache_miss,2026-09-23T10:51:36.555366,6.839,0.075,6.914,6.908,521431
module.fastapi.exception_handlers.c,fastapi,False,cache_miss,2026-09-23T10:51:43.452342,4.157,0.058,4.216,4.224,151214
module.fastapi.exceptions.c,fastapi,False,cache_miss,2026-09-23T10:51:47.675704,8.610,0.066,8.676,8.673,555946
module.fastapi.logger.c,fastapi,False,cache_miss,2026-09-23T10:51:56.346349,3.572,0.061,3.633,3.621,29536
module.fastapi.middleware.asyncexitstack.c,fastapi,False,cache_miss,2026-09-23T10:51:59.982930,4.255,0.065,4.320,4.326,119470
module.fastapi.middleware.c,fastapi,False,cache_miss,2026-09-23T10:52:04.298466,3.668,0.060,3.728,3.729,40562
module.fastapi.middleware.cors.c,fastapi,False,cache_miss,2026-09-23T10:52:08.022979,3.608,0.057,3.665,3.666,27432
module.fastapi.middleware.gzip.c,fastapi,False,cache_miss,2026-09-23T10:52:11.688464,3.562,0.057,3.619,3.621,27432
module.fastapi.middleware.httpsredirect.c,fastapi,False,cache_miss,2026-09-23T10:52:15.311894,3.500,0.062,3.562,3.564,28251
module.fastapi.middleware.trustedhost.c,fastapi,False,cache_miss,2026-09-23T10:52:18.868357,3.576,0.056,3.632,3.631,28069
module.fastapi.middleware.wsgi.c,fastapi,False,cache_miss,2026-09-23T10:52:22.501021,3.549,0.057,3.606,3.593,27432
module.fastapi.openapi.c,fastapi,False,cache_miss,2026-09-23T10:52:26.110282,3.607,0.060,3.668,3.685,36821
module.fastapi.openapi.constants.c,fastapi,False,cache_miss,2026-09-23T10:52:29.778406,3.469,0.061,3.529,3.520,28177
module.fastapi.openapi.docs.c,fastapi,False,cache_miss,2026-09-23T10:52:33.310429,4.756,0.063,4.820,4.831,227464
module.fastapi.openapi.models.c,fastapi,False,cache_miss,2026-09-23T10:52:38.162805,58.926,0.096,59.022,59.003,2135345
module.fastapi.openapi.utils.c,fastapi,False,cache_miss,2026-09-23T10:53:37.176658,13.289,0.088,13.377,13.378,1033308
module.fastapi.param_functions.c,fastapi,False,cache_miss,2026-09-23T10:53:50.544306,14.487,0.079,14.566,14.585,1048567
module.fastapi.params.c,fastapi,False,cache_miss,2026-09-23T10:54:05.118513,23.243,0.087,23.330,23.329,1244314
module.fastapi.requests.c,fastapi,False,cache_miss,2026-09-23T10:54:28.428264,3.486,0.067,3.552,3.553,29672
module.fastapi.responses.c,fastapi,False,cache_miss,2026-09-23T10:54:31.980635,4.665,0.067,4.731,4.720,257263
module.fastapi.routing.c,fastapi,False,cache_miss,2026-09-23T10:54:36.806856,84.690,0.162,84.852,84.830,7615060
module.fastapi.security.api_key.c,fastapi,False,cache_miss,2026-09-23T10:56:01.581026,6.810,0.084,6.894,6.915,388019
module.fastapi.security.base.c,fastapi,False,cache_miss,2026-09-23T10:56:08.451832,3.467,0.061,3.528,3.528,45110
module.fastapi.security.c,fastapi,False,cache_miss,2026-09-23T10:56:11.978366,3.644,0.059,3.703,3.695,82634
module.fastapi.security.http.c,fastapi,False,cache_miss,2026-09-23T10:56:15.693536,8.202,0.071,8.273,8.290,605185
module.fastapi.security.oauth2.c,fastapi,False,cache_miss,2026-09-23T10:56:23.963058,8.278,0.068,8.346,8.350,583226
module.fastapi.security.open_id_connect_url.c,fastapi,False,cache_miss,2026-09-23T10:56:32.300331,4.430,0.059,4.489,4.480,172207
module.fastapi.security.utils.c,fastapi,False,cache_miss,2026-09-23T10:56:36.789079,3.905,0.059,3.964,3.957,44186
module.fastapi.sse.c,fastapi,False,cache_miss,2026-09-23T10:56:40.766054,5.814,0.072,5.886,5.881,284351
module.fastapi.staticfiles.c,fastapi,False,cache_miss,2026-09-23T10:56:46.638514,3.662,0.058,3.720,3.737,27088
module.fastapi.templating.c,fastapi,False,cache_miss,2026-09-23T10:56:50.367700,3.618,0.067,3.686,3.685,27097
module.fastapi.testclient.c,fastapi,False,cache_miss,2026-09-23T10:56:54.042817,3.599,0.057,3.656,3.649,26997
module.fastapi.types.c,fastapi,False,cache_miss,2026-09-23T10:56:57.701758,3.773,0.060,3.832,3.833,65915
module.fastapi.utils.c,fastapi,False,cache_miss,2026-09-23T10:57:01.538534,5.156,0.064,5.220,5.229,269490
module.fastapi.websockets.c,fastapi,False,cache_miss,2026-09-23T10:57:06.762932,3.479,0.069,3.547,3.544,32850
module.flatbuffers._version.c,flatbuffers,False,cache_miss,2026-09-23T10:57:10.310003,3.608,0.068,3.677,3.668,25060
module.flatbuffers.builder.c,flatbuffers,False,cache_miss,2026-09-23T10:57:14.062517,12.027,0.144,12.171,12.173,1246965
module.flatbuffers.c,flatbuffers,False,cache_miss,2026-09-23T10:57:26.156309,3.410,0.067,3.477,3.476,47473
module.flatbuffers.compat.c,flatbuffers,False,cache_miss,2026-09-23T10:57:29.622654,3.638,0.056,3.693,3.692,89336
module.flatbuffers.encode.c,flatbuffers,False,cache_miss,2026-09-23T10:57:33.317465,3.619,0.057,3.676,3.689,86923
module.flatbuffers.number_types.c,flatbuffers,False,cache_miss,2026-09-23T10:57:37.010777,6.753,0.074,6.827,6.829,534586
module.flatbuffers.packer.c,flatbuffers,False,cache_miss,2026-09-23T10:57:43.824417,3.377,0.061,3.438,3.456,71132
module.flatbuffers.table.c,flatbuffers,False,cache_miss,2026-09-23T10:57:47.268059,4.969,0.066,5.035,5.020,275302
module.flatbuffers.util.c,flatbuffers,False,cache_miss,2026-09-23T10:57:52.302934,3.795,0.066,3.861,3.834,93404
module.google._upb.c,google,False,cache_miss,2026-09-23T10:57:56.154107,3.152,0.056,3.209,3.234,27843
module.google.c,google,False,cache_miss,2026-09-23T10:57:59.358239,2.935,0.052,2.987,2.992,22237
module.google.protobuf.c,google,False,cache_miss,2026-09-23T10:58:02.342334,3.118,0.049,3.167,3.167,38211
module.google.protobuf.descriptor.c,google,False,cache_miss,2026-09-23T10:58:05.553584,16.499,0.093,16.592,16.584,1917644
module.google.protobuf.descriptor_database.c,google,False,cache_miss,2026-09-23T10:58:22.119337,5.114,0.067,5.181,5.191,331824
module.google.protobuf.descriptor_pool.c,google,False,cache_miss,2026-09-23T10:58:27.315732,14.464,0.082,14.547,14.551,1686240
module.google.protobuf.internal.api_implementation.c,google,False,cache_miss,2026-09-23T10:58:41.827493,3.587,0.047,3.634,3.623,151095
module.google.protobuf.internal.builder.c,google,False,cache_miss,2026-09-23T10:58:45.470063,4.731,0.056,4.786,4.781,258450
module.google.protobuf.internal.c,google,False,cache_miss,2026-09-23T10:58:50.250241,3.246,0.050,3.295,3.299,42241
module.google.protobuf.internal.containers.c,google,False,cache_miss,2026-09-23T10:58:53.571370,12.999,0.075,13.074,13.079,1477385
module.google.protobuf.internal.decoder.c,google,False,cache_miss,2026-09-23T10:59:06.629712,12.193,0.060,12.253,12.244,1508934
module.google.protobuf.internal.encoder.c,google,False,cache_miss,2026-09-23T10:59:18.898644,11.039,0.076,11.115,11.112,1456009
module.google.protobuf.internal.enum_type_wrapper.c,google,False,cache_miss,2026-09-23T10:59:29.995380,4.245,0.058,4.303,4.301,187810
module.google.protobuf.internal.extension_dict.c,google,False,cache_miss,2026-09-23T10:59:34.298351,4.874,0.058,4.932,4.947,329808
module.google.protobuf.internal.field_mask.c,google,False,cache_miss,2026-09-23T10:59:39.243049,6.566,0.071,6.637,6.637,576049
module.google.protobuf.internal.message_listener.c,google,False,cache_miss,2026-09-23T10:59:45.871831,3.538,0.063,3.600,3.594,90205
module.google.protobuf.internal.python_edition_defaults.c,google,False,cache_miss,2026-09-23T10:59:49.470000,2.978,0.061,3.039,3.032,27881
module.google.protobuf.internal.python_message.c,google,False,cache_miss,2026-09-23T10:59:52.543932,17.466,0.095,17.561,17.564,2548888
module.google.protobuf.internal.type_checkers.c,google,False,cache_miss,2026-09-23T11:00:10.087304,9.571,0.077,9.649,9.644,942557
module.google.protobuf.internal.well_known_types.c,google,False,cache_miss,2026-09-23T11:00:19.734563,10.990,0.076,11.066,11.089,1399182
module.google.protobuf.internal.wire_format.c,google,False,cache_miss,2026-09-23T11:00:30.779445,4.905,0.055,4.960,4.941,427334
module.google.protobuf.message.c,google,False,cache_miss,2026-09-23T11:00:35.741167,5.388,0.057,5.445,5.455,451153
module.google.protobuf.message_factory.c,google,False,cache_miss,2026-09-23T11:00:41.191910,4.640,0.063,4.703,4.706,251320
module.google.protobuf.pyext.c,google,False,cache_miss,2026-09-23T11:00:45.893687,3.307,0.062,3.369,3.367,41947
module.google.protobuf.pyext.cpp_message.c,google,False,cache_miss,2026-09-23T11:00:49.264217,3.376,0.063,3.440,3.428,72100
module.google.protobuf.reflection.c,google,False,cache_miss,2026-09-23T11:00:52.701224,3.266,0.061,3.327,3.324,39974
module.google.protobuf.runtime_version.c,google,False,cache_miss,2026-09-23T11:00:56.028649,4.043,0.061,4.104,4.073,192045
module.google.protobuf.service_reflection.c,google,False,cache_miss,2026-09-23T11:01:00.146428,5.212,0.075,5.287,5.329,393592
module.google.protobuf.symbol_database.c,google,False,cache_miss,2026-09-23T11:01:05.413525,4.239,0.055,4.294,4.293,214757
module.google.protobuf.text_encoding.c,google,False,cache_miss,2026-09-23T11:01:09.711354,4.229,0.059,4.288,4.287,190666
module.google.protobuf.text_format.c,google,False,cache_miss,2026-09-23T11:01:14.047588,21.701,0.107,21.808,21.776,2372189
module.google.protobuf.unknown_fields.c,google,False,cache_miss,2026-09-23T11:01:35.833750,4.596,0.085,4.682,4.714,217709
module.h11._abnf.c,h11,False,cache_miss,2026-09-23T11:01:40.493311,3.164,0.064,3.228,3.222,60710
module.h11._connection.c,h11,False,cache_miss,2026-09-23T11:01:43.733541,9.735,0.076,9.811,9.798,829030
module.h11._events.c,h11,False,cache_miss,2026-09-23T11:01:53.561025,7.368,0.092,7.460,7.471,550625
module.h11._headers.c,h11,False,cache_miss,2026-09-23T11:02:00.987268,6.334,0.058,6.393,6.400,428400
module.h11._readers.c,h11,False,cache_miss,2026-09-23T11:02:07.392943,6.553,0.071,6.624,6.630,577267
module.h11._receivebuffer.c,h11,False,cache_miss,2026-09-23T11:02:14.010387,4.387,0.065,4.451,4.435,218612
module.h11._state.c,h11,False,cache_miss,2026-09-23T11:02:18.465887,7.912,0.069,7.981,7.988,725795
module.h11._util.c,h11,False,cache_miss,2026-09-23T11:02:26.436322,4.547,0.059,4.605,4.596,262125
module.h11._version.c,h11,False,cache_miss,2026-09-23T11:02:31.026606,3.134,0.044,3.177,3.193,24516
module.h11._writers.c,h11,False,cache_miss,2026-09-23T11:02:34.230432,5.681,0.070,5.751,5.748,457761
module.h11.c,h11,False,cache_miss,2026-09-23T11:02:39.976223,3.290,0.065,3.356,3.347,85677
module.httpcore._api.c,httpcore,False,cache_miss,2026-09-23T11:02:43.324718,3.688,0.058,3.746,3.755,118361
module.httpcore._async.c,httpcore,False,cache_miss,2026-09-23T11:02:47.070640,3.539,0.058,3.597,3.596,99127
module.httpcore._async.connection.c,httpcore,False,cache_miss,2026-09-23T11:02:50.683620,7.082,0.074,7.156,7.153,600074
module.httpcore._async.connection_pool.c,httpcore,False,cache_miss,2026-09-23T11:02:57.833636,8.566,0.068,8.635,8.639,781111
module.httpcore._async.http11.c,httpcore,False,cache_miss,2026-09-23T11:03:06.485031,14.780,0.085,14.865,14.818,1097726
module.httpcore._async.http2.c,httpcore,False,cache_miss,2026-09-23T11:03:21.421864,19.837,0.157,19.994,19.996,1518570
module.httpcore._async.http_proxy.c,httpcore,False,cache_miss,2026-09-23T11:03:41.382627,10.568,0.124,10.692,10.704,735283
module.httpcore._async.interfaces.c,httpcore,False,cache_miss,2026-09-23T11:03:52.040004,4.699,0.089,4.789,4.784,258016
module.httpcore._async.socks_proxy.c,httpcore,False,cache_miss,2026-09-23T11:03:56.838269,8.949,0.099,9.048,9.050,678770
module.httpcore._backends.anyio.c,httpcore,False,cache_miss,2026-09-23T11:04:05.870621,6.810,0.084,6.893,6.922,532657
module.httpcore._backends.auto.c,httpcore,False,cache_miss,2026-09-23T11:04:12.730025,4.240,0.050,4.289,4.289,162484
module.httpcore._backends.base.c,httpcore,False,cache_miss,2026-09-23T11:04:17.029932,4.549,0.060,4.610,4.614,214784
module.httpcore._backends.c,httpcore,False,cache_miss,2026-09-23T11:04:21.634261,3.417,0.055,3.472,3.475,37094
module.httpcore._backends.mock.c,httpcore,False,cache_miss,2026-09-23T11:04:25.124694,5.347,0.073,5.420,5.432,406740
module.httpcore._backends.sync.c,httpcore,False,cache_miss,2026-09-23T11:04:30.545895,6.504,0.075,6.579,6.577,522657
module.httpcore._backends.trio.c,httpcore,False,cache_miss,2026-09-23T11:04:37.126802,6.297,0.077,6.374,6.361,535663
module.httpcore._exceptions.c,httpcore,False,cache_miss,2026-09-23T11:04:43.486391,6.010,0.063,6.073,6.072,381787
module.httpcore._models.c,httpcore,False,cache_miss,2026-09-23T11:04:49.593279,7.473,0.096,7.569,7.565,717301
module.httpcore._ssl.c,httpcore,False,cache_miss,2026-09-23T11:04:57.154121,3.383,0.088,3.471,3.497,45342
module.httpcore._sync.c,httpcore,False,cache_miss,2026-09-23T11:05:00.592914,3.596,0.055,3.651,3.641,98086
module.httpcore._sync.connection.c,httpcore,False,cache_miss,2026-09-23T11:05:04.243733,6.080,0.055,6.135,6.131,494496
module.httpcore._sync.connection_pool.c,httpcore,False,cache_miss,2026-09-23T11:05:10.399724,8.005,0.076,8.081,8.079,704603
module.httpcore._sync.http11.c,httpcore,False,cache_miss,2026-09-23T11:05:18.481938,9.169,0.077,9.246,9.261,886995
module.httpcore._sync.http2.c,httpcore,False,cache_miss,2026-09-23T11:05:27.741157,10.849,0.090,10.939,10.921,1189533
module.httpcore._sync.http_proxy.c,httpcore,False,cache_miss,2026-09-23T11:05:38.670344,7.643,0.080,7.722,7.720,666574
module.httpcore._sync.interfaces.c,httpcore,False,cache_miss,2026-09-23T11:05:46.388329,4.485,0.075,4.560,4.566,233592
module.httpcore._sync.socks_proxy.c,httpcore,False,cache_miss,2026-09-23T11:05:50.937895,6.834,0.065,6.899,6.898,583119
module.httpcore._synchronization.c,httpcore,False,cache_miss,2026-09-23T11:05:57.852666,6.166,0.080,6.246,6.251,600193
module.httpcore._trace.c,httpcore,False,cache_miss,2026-09-23T11:06:04.087205,4.644,0.069,4.712,4.701,246171
module.httpcore._utils.c,httpcore,False,cache_miss,2026-09-23T11:06:08.787144,3.265,0.056,3.322,3.332,50491
module.httpcore.c,httpcore,False,cache_miss,2026-09-23T11:06:12.103246,3.941,0.051,3.991,3.974,184219
module.httptools._version.c,httptools,False,cache_miss,2026-09-23T11:06:16.098597,3.549,0.055,3.604,3.611,24924
module.httptools.c,httptools,False,cache_miss,2026-09-23T11:06:19.706103,3.364,0.058,3.422,3.424,55598
module.httptools.parser.c,httptools,False,cache_miss,2026-09-23T11:06:23.129063,3.441,0.059,3.500,3.498,62139
module.httptools.parser.errors.c,httptools,False,cache_miss,2026-09-23T11:06:26.633994,4.067,0.064,4.131,4.130,152383
module.httptools.parser.protocol.c,httptools,False,cache_miss,2026-09-23T11:06:30.754873,3.561,0.054,3.615,3.622,92846
module.httpx.__version__.c,httpx,False,cache_miss,2026-09-23T11:06:34.386161,3.305,0.070,3.374,3.367,27381
module.httpx._api.c,httpx,False,cache_miss,2026-09-23T11:06:37.750395,5.124,0.060,5.183,5.191,273404
module.httpx._auth.c,httpx,False,cache_miss,2026-09-23T11:06:42.948073,7.702,0.074,7.776,7.777,709497
module.httpx._client.c,httpx,False,cache_miss,2026-09-23T11:06:50.755699,19.613,0.105,19.719,19.713,2353538
module.httpx._config.c,httpx,False,cache_miss,2026-09-23T11:07:10.444319,5.032,0.075,5.107,5.112,367806
module.httpx._content.c,httpx,False,cache_miss,2026-09-23T11:07:15.550964,6.364,0.075,6.439,6.440,555407
module.httpx._decoders.c,httpx,False,cache_miss,2026-09-23T11:07:21.984318,7.465,0.069,7.535,7.534,753811
module.httpx._exceptions.c,httpx,False,cache_miss,2026-09-23T11:07:29.527993,9.075,0.078,9.154,9.164,831841
module.httpx._models.c,httpx,False,cache_miss,2026-09-23T11:07:38.695075,20.280,0.092,20.372,20.362,2610497
module.httpx._multipart.c,httpx,False,cache_miss,2026-09-23T11:07:59.051926,6.612,0.076,6.688,6.687,630058
module.httpx._status_codes.c,httpx,False,cache_miss,2026-09-23T11:08:05.719305,4.300,0.056,4.356,4.356,306998
module.httpx._transports.asgi.c,httpx,False,cache_miss,2026-09-23T11:08:10.078519,5.162,0.059,5.221,5.211,358600
module.httpx._transports.base.c,httpx,False,cache_miss,2026-09-23T11:08:15.297477,3.523,0.057,3.580,3.581,124705
module.httpx._transports.c,httpx,False,cache_miss,2026-09-23T11:08:18.877013,3.081,0.057,3.138,3.145,46866
module.httpx._transports.default.c,httpx,False,cache_miss,2026-09-23T11:08:22.026302,8.520,0.068,8.588,8.581,812813
module.httpx._transports.mock.c,httpx,False,cache_miss,2026-09-23T11:08:30.618284,3.723,0.072,3.794,3.803,130134
module.httpx._transports.wsgi.c,httpx,False,cache_miss,2026-09-23T11:08:34.402192,4.959,0.061,5.020,5.014,285753
module.httpx._types.c,httpx,False,cache_miss,2026-09-23T11:08:39.418951,4.096,0.058,4.154,4.162,241990
module.httpx._urlparse.c,httpx,False,cache_miss,2026-09-23T11:08:43.579594,7.910,0.065,7.975,7.983,722326
module.httpx._urls.c,httpx,False,cache_miss,2026-09-23T11:08:51.558559,8.251,0.069,8.320,8.314,867811
module.httpx._utils.c,httpx,False,cache_miss,2026-09-23T11:08:59.872979,5.307,0.063,5.370,5.375,354862
module.httpx.c,httpx,False,cache_miss,2026-09-23T11:09:05.243269,3.404,0.063,3.467,3.465,98759
module.httpx_sse._api.c,httpx_sse,False,cache_miss,2026-09-23T11:09:08.702222,5.063,0.055,5.119,5.117,364005
module.httpx_sse._decoders.c,httpx_sse,False,cache_miss,2026-09-23T11:09:13.820595,4.005,0.055,4.060,4.060,203982
module.httpx_sse._exceptions.c,httpx_sse,False,cache_miss,2026-09-23T11:09:17.887352,3.153,0.061,3.215,3.220,52368
module.httpx_sse._models.c,httpx_sse,False,cache_miss,2026-09-23T11:09:21.107644,3.702,0.067,3.769,3.762,142751
module.httpx_sse.c,httpx_sse,False,cache_miss,2026-09-23T11:09:24.865175,3.065,0.056,3.121,3.120,47402
module.idna.c,idna,False,cache_miss,2026-09-23T11:09:27.993617,3.055,0.063,3.118,3.121,66656
module.idna.core.c,idna,False,cache_miss,2026-09-23T11:09:31.121378,8.264,0.073,8.337,8.342,963682
module.idna.idnadata.c,idna,False,cache_miss,2026-09-23T11:09:39.444032,3.062,0.058,3.120,3.113,28645
module.idna.intranges.c,idna,False,cache_miss,2026-09-23T11:09:42.572045,3.824,0.066,3.890,3.886,113563
module.idna.package_data.c,idna,False,cache_miss,2026-09-23T11:09:46.447558,3.216,0.051,3.267,3.275,24856
module.idna.uts46data.c,idna,False,cache_miss,2026-09-23T11:09:49.714751,3.368,0.052,3.420,3.403,46778
module.imagehash.c,imagehash,False,cache_miss,2026-09-23T11:09:53.156348,10.495,0.073,10.568,10.591,1064152
module.jinja2._identifier.c,jinja2,False,cache_miss,2026-09-23T11:10:03.703177,3.104,0.052,3.156,3.149,29530
module.jinja2.async_utils.c,jinja2,False,cache_miss,2026-09-23T11:10:06.864469,4.393,0.057,4.450,4.459,257846
module.jinja2.bccache.c,jinja2,False,cache_miss,2026-09-23T11:10:11.320417,6.137,0.063,6.200,6.181,538027
module.jinja2.c,jinja2,False,cache_miss,2026-09-23T11:10:17.525456,3.583,0.068,3.651,3.658,124736
module.jinja2.compiler.c,jinja2,False,cache_miss,2026-09-23T11:10:21.228590,33.918,0.120,34.039,34.030,3897090
module.jinja2.constants.c,jinja2,False,cache_miss,2026-09-23T11:10:55.198640,3.200,0.052,3.252,3.237,24842
module.jinja2.debug.c,jinja2,False,cache_miss,2026-09-23T11:10:58.463268,4.700,0.065,4.765,4.788,230465
module.jinja2.defaults.c,jinja2,False,cache_miss,2026-09-23T11:11:03.218656,3.325,0.055,3.381,3.385,86760
module.jinja2.environment.c,jinja2,False,cache_miss,2026-09-23T11:11:06.634505,20.117,0.090,20.208,20.195,2310632
module.jinja2.exceptions.c,jinja2,False,cache_miss,2026-09-23T11:11:26.810331,5.638,0.059,5.697,5.718,407482
module.jinja2.filters.c,jinja2,False,cache_miss,2026-09-23T11:11:32.552903,18.016,0.104,18.120,18.094,2337490
module.jinja2.idtracking.c,jinja2,False,cache_miss,2026-09-23T11:11:50.644303,8.609,0.076,8.685,8.699,815644
module.jinja2.lexer.c,jinja2,False,cache_miss,2026-09-23T11:11:59.339836,12.163,0.086,12.250,12.248,1514672
module.jinja2.loaders.c,jinja2,False,cache_miss,2026-09-23T11:12:11.585654,11.634,0.082,11.717,11.714,1157555
module.jinja2.nodes.c,jinja2,False,cache_miss,2026-09-23T11:12:23.329739,57.839,0.110,57.949,57.954,3320291
module.jinja2.optimizer.c,jinja2,False,cache_miss,2026-09-23T11:13:21.220262,3.655,0.051,3.706,3.708,124866
module.jinja2.parser.c,jinja2,False,cache_miss,2026-09-23T11:13:24.951736,14.656,0.077,14.733,14.728,1809980
module.jinja2.runtime.c,jinja2,False,cache_miss,2026-09-23T11:13:39.686370,14.863,0.079,14.942,14.948,1790154
module.jinja2.tests.c,jinja2,True,cache_miss,2026-09-23T11:13:54.604456,4.434,0.055,4.488,4.485,368848
module.jinja2.utils.c,jinja2,False,cache_miss,2026-09-23T11:13:59.102456,10.387,0.064,10.452,10.453,1207752
module.jinja2.visitor.c,jinja2,False,cache_miss,2026-09-23T11:14:09.543027,4.071,0.053,4.124,4.122,179250
module.jsonschema._format.c,jsonschema,False,cache_miss,2026-09-23T11:14:13.679660,7.629,0.066,7.695,7.684,872031
module.jsonschema._keywords.c,jsonschema,False,cache_miss,2026-09-23T11:14:21.400009,10.393,0.091,10.484,10.494,1217886
module.jsonschema._legacy_keywords.c,jsonschema,False,cache_miss,2026-09-23T11:14:31.856017,9.033,0.063,9.096,9.102,894414
module.jsonschema._types.c,jsonschema,False,cache_miss,2026-09-23T11:14:40.940434,4.371,0.052,4.422,4.419,299463
module.jsonschema._typing.c,jsonschema,False,cache_miss,2026-09-23T11:14:45.363483,3.300,0.052,3.352,3.352,104143
module.jsonschema._utils.c,jsonschema,False,cache_miss,2026-09-23T11:14:48.730272,6.813,0.067,6.880,6.894,639097
module.jsonschema.c,jsonschema,False,cache_miss,2026-09-23T11:14:55.603518,3.473,0.060,3.533,3.522,152148
module.jsonschema.exceptions.c,jsonschema,False,cache_miss,2026-09-23T11:14:59.143966,8.398,0.067,8.465,8.458,951887
module.jsonschema.protocols.c,jsonschema,False,cache_miss,2026-09-23T11:15:07.601664,3.282,0.060,3.342,3.358,114387
module.jsonschema.validators.c,jsonschema,False,cache_miss,2026-09-23T11:15:10.961819,13.079,0.078,13.157,13.138,1665141
module.jsonschema_specifications._core.c,jsonschema_specifications,False,cache_miss,2026-09-23T11:15:24.092314,3.378,0.051,3.430,3.450,79032
module.jsonschema_specifications.c,jsonschema_specifications,False,cache_miss,2026-09-23T11:15:27.532710,2.963,0.062,3.025,3.012,49816
module.lightgbm.basic.c,lightgbm,False,cache_miss,2026-09-23T11:15:30.667621,56.608,0.172,56.780,56.783,6799744
module.lightgbm.c,lightgbm,False,cache_miss,2026-09-23T11:16:27.334118,3.516,0.058,3.574,3.576,116718
module.lightgbm.callback.c,lightgbm,False,cache_miss,2026-09-23T11:16:30.919108,8.369,0.069,8.438,8.427,873346
module.lightgbm.compat.c,lightgbm,False,cache_miss,2026-09-23T11:16:39.346667,4.266,0.058,4.325,4.336,320562
module.lightgbm.dask.c,lightgbm,False,cache_miss,2026-09-23T11:16:43.703194,29.868,0.090,29.959,29.948,2467012
module.lightgbm.engine.c,lightgbm,False,cache_miss,2026-09-23T11:17:13.642755,11.744,0.071,11.815,11.822,1107991
module.lightgbm.libpath.c,lightgbm,False,cache_miss,2026-09-23T11:17:25.442941,3.790,0.056,3.846,3.842,128765
module.lightgbm.plotting.c,lightgbm,False,cache_miss,2026-09-23T11:17:29.302362,8.476,0.069,8.545,8.540,903689
module.lightgbm.sklearn.c,lightgbm,False,cache_miss,2026-09-23T11:17:37.872546,27.692,0.095,27.787,27.783,2393616
module.lxml.c,lxml,False,cache_miss,2026-09-23T11:18:05.618795,3.282,0.054,3.337,3.352,52662
module.markupsafe._native.c,markupsafe,False,cache_miss,2026-09-23T11:18:08.947124,3.128,0.046,3.173,3.172,40940
module.markupsafe.c,markupsafe,False,cache_miss,2026-09-23T11:18:12.143202,8.414,0.068,8.483,8.479,868955
module.mcp.c,mcp,False,cache_miss,2026-09-23T11:18:20.604715,3.387,0.047,3.434,3.435,144486
module.mcp.client.c,mcp,False,cache_miss,2026-09-23T11:18:24.051519,3.167,0.060,3.227,3.230,36387
module.mcp.client.experimental.c,mcp,False,cache_miss,2026-09-23T11:18:27.275558,3.143,0.057,3.200,3.197,46953
module.mcp.client.experimental.task_handlers.c,mcp,False,cache_miss,2026-09-23T11:18:30.480472,7.499,0.062,7.561,7.573,695384
module.mcp.client.experimental.tasks.c,mcp,False,cache_miss,2026-09-23T11:18:38.032198,4.653,0.053,4.706,4.696,268117
module.mcp.client.session.c,mcp,False,cache_miss,2026-09-23T11:18:42.754926,15.412,0.070,15.481,15.478,1599747
module.mcp.client.session_group.c,mcp,False,cache_miss,2026-09-23T11:18:58.234977,10.477,0.068,10.545,10.547,995417
module.mcp.client.sse.c,mcp,False,cache_miss,2026-09-23T11:19:08.772846,6.132,0.061,6.193,6.195,495548
module.mcp.client.stdio.c,mcp,False,cache_miss,2026-09-23T11:19:14.968894,7.221,0.064,7.285,7.291,629760
module.mcp.client.streamable_http.c,mcp,False,cache_miss,2026-09-23T11:19:22.268172,12.645,0.078,12.723,12.707,1539013
module.mcp.os.c,mcp,False,cache_miss,2026-09-23T11:19:34.967408,3.246,0.054,3.300,3.305,36714
module.mcp.os.posix.c,mcp,False,cache_miss,2026-09-23T11:19:38.264038,3.148,0.051,3.199,3.203,41849
module.mcp.os.posix.utilities.c,mcp,False,cache_miss,2026-09-23T11:19:41.475287,3.920,0.063,3.983,3.987,157210
module.mcp.os.win32.c,mcp,False,cache_miss,2026-09-23T11:19:45.444780,3.112,0.050,3.161,3.156,41849
module.mcp.os.win32.utilities.c,mcp,False,cache_miss,2026-09-23T11:19:48.617983,5.954,0.062,6.015,6.013,546755
module.mcp.server.auth.c,mcp,False,cache_miss,2026-09-23T11:19:54.625559,3.171,0.054,3.225,3.231,42107
module.mcp.server.auth.errors.c,mcp,False,cache_miss,2026-09-23T11:19:57.846550,3.402,0.050,3.452,3.449,67391
module.mcp.server.auth.handlers.authorize.c,mcp,False,cache_miss,2026-09-23T11:20:01.306928,5.954,0.058,6.012,6.013,511010
module.mcp.server.auth.handlers.c,mcp,False,cache_miss,2026-09-23T11:20:07.311370,3.178,0.050,3.228,3.220,47590
module.mcp.server.auth.handlers.metadata.c,mcp,False,cache_miss,2026-09-23T11:20:10.544452,3.495,0.055,3.550,3.562,122697
module.mcp.server.auth.handlers.register.c,mcp,False,cache_miss,2026-09-23T11:20:14.093397,5.038,0.054,5.092,5.081,324499
module.mcp.server.auth.handlers.revoke.c,mcp,False,cache_miss,2026-09-23T11:20:19.187156,4.472,0.056,4.528,4.533,271091
module.mcp.server.auth.handlers.token.c,mcp,False,cache_miss,2026-09-23T11:20:23.715981,6.849,0.057,6.905,6.903,561446
module.mcp.server.auth.json_response.c,mcp,False,cache_miss,2026-09-23T11:20:30.626418,3.493,0.062,3.555,3.560,77617
module.mcp.server.auth.middleware.auth_context.c,mcp,False,cache_miss,2026-09-23T11:20:34.182279,3.643,0.063,3.706,3.713,144024
module.mcp.server.auth.middleware.bearer_auth.c,mcp,False,cache_miss,2026-09-23T11:20:37.886919,5.454,0.062,5.516,5.496,419239
module.mcp.server.auth.middleware.c,mcp,False,cache_miss,2026-09-23T11:20:43.394381,3.433,0.053,3.486,3.498,47794
module.mcp.server.auth.middleware.client_auth.c,mcp,False,cache_miss,2026-09-23T11:20:46.890667,4.632,0.063,4.695,4.688,248064
module.mcp.server.auth.provider.c,mcp,False,cache_miss,2026-09-23T11:20:51.586566,8.190,0.064,8.254,8.252,657470
module.mcp.server.auth.routes.c,mcp,False,cache_miss,2026-09-23T11:20:59.838065,4.705,0.062,4.766,4.773,394565
module.mcp.server.auth.settings.c,mcp,False,cache_miss,2026-09-23T11:21:04.597279,4.019,0.055,4.073,4.076,158656
module.mcp.server.c,mcp,False,cache_miss,2026-09-23T11:21:08.666876,3.057,0.051,3.108,3.108,49740
module.mcp.server.elicitation.c,mcp,False,cache_miss,2026-09-23T11:21:11.784940,5.031,0.061,5.092,5.088,374723
module.mcp.server.experimental.c,mcp,False,cache_miss,2026-09-23T11:21:16.866513,3.105,0.051,3.156,3.173,42891
module.mcp.server.experimental.request_context.c,mcp,False,cache_miss,2026-09-23T11:21:20.031000,4.974,0.059,5.033,5.018,416423
module.mcp.server.experimental.session_features.c,mcp,False,cache_miss,2026-09-23T11:21:25.061845,5.159,0.057,5.216,5.219,343744
module.mcp.server.experimental.task_context.c,mcp,False,cache_miss,2026-09-23T11:21:30.286632,7.656,0.066,7.722,7.720,853700
module.mcp.server.experimental.task_result_handler.c,mcp,False,cache_miss,2026-09-23T11:21:38.000494,4.994,0.058,5.052,5.057,423016
module.mcp.server.experimental.task_scope.c,mcp,False,cache_miss,2026-09-23T11:21:43.048133,3.340,0.053,3.394,3.391,105810
module.mcp.server.experimental.task_support.c,mcp,False,cache_miss,2026-09-23T11:21:46.440218,4.047,0.052,4.099,4.110,233938
module.mcp.server.fastmcp.c,mcp,False,cache_miss,2026-09-23T11:21:50.538224,3.209,0.051,3.260,3.241,60468
module.mcp.server.fastmcp.exceptions.c,mcp,False,cache_miss,2026-09-23T11:21:53.800327,3.654,0.053,3.707,3.708,136569
module.mcp.server.fastmcp.prompts.base.c,mcp,False,cache_miss,2026-09-23T11:21:57.511971,6.001,0.058,6.059,6.059,482994
module.mcp.server.fastmcp.prompts.c,mcp,False,cache_miss,2026-09-23T11:22:03.576983,3.191,0.064,3.255,3.250,53826
module.mcp.server.fastmcp.prompts.manager.c,mcp,False,cache_miss,2026-09-23T11:22:06.817722,3.641,0.050,3.692,3.696,137970
module.mcp.server.fastmcp.resources.base.c,mcp,False,cache_miss,2026-09-23T11:22:10.514613,4.023,0.055,4.079,4.095,190527
module.mcp.server.fastmcp.resources.c,mcp,False,cache_miss,2026-09-23T11:22:14.599176,3.316,0.061,3.377,3.353,69518
module.mcp.server.fastmcp.resources.resource_manager.c,mcp,False,cache_miss,2026-09-23T11:22:17.974128,4.128,0.059,4.187,4.199,218455
module.mcp.server.fastmcp.resources.templates.c,mcp,False,cache_miss,2026-09-23T11:22:22.167879,4.373,0.066,4.438,4.444,274229
module.mcp.server.fastmcp.resources.types.c,mcp,False,cache_miss,2026-09-23T11:22:26.603602,6.995,0.063,7.058,7.057,638995
module.mcp.server.fastmcp.server.c,mcp,False,cache_miss,2026-09-23T11:22:33.692276,13.700,0.094,13.794,13.796,1933269
module.mcp.server.fastmcp.tools.base.c,mcp,False,cache_miss,2026-09-23T11:22:47.448125,4.283,0.056,4.338,4.346,283415
module.mcp.server.fastmcp.tools.c,mcp,False,cache_miss,2026-09-23T11:22:51.794411,3.053,0.064,3.117,3.109,53565
module.mcp.server.fastmcp.tools.tool_manager.c,mcp,False,cache_miss,2026-09-23T11:22:54.906483,3.941,0.059,3.999,3.999,198400
module.mcp.server.fastmcp.utilities.c,mcp,False,cache_miss,2026-09-23T11:22:58.891146,3.176,0.044,3.220,3.218,47971
module.mcp.server.fastmcp.utilities.context_injection.c,mcp,False,cache_miss,2026-09-23T11:23:02.119750,3.473,0.053,3.526,3.527,91231
module.mcp.server.fastmcp.utilities.func_metadata.c,mcp,False,cache_miss,2026-09-23T11:23:05.667559,8.359,0.075,8.434,8.423,923145
module.mcp.server.fastmcp.utilities.logging.c,mcp,False,cache_miss,2026-09-23T11:23:14.078505,3.207,0.052,3.259,3.266,77866
module.mcp.server.fastmcp.utilities.types.c,mcp,False,cache_miss,2026-09-23T11:23:17.341345,4.026,0.056,4.082,4.086,225308
module.mcp.server.lowlevel.c,mcp,False,cache_miss,2026-09-23T11:23:21.419928,3.011,0.053,3.063,3.068,48020
module.mcp.server.lowlevel.experimental.c,mcp,False,cache_miss,2026-09-23T11:23:24.500464,5.790,0.070,5.860,5.856,633994
module.mcp.server.lowlevel.func_inspection.c,mcp,False,cache_miss,2026-09-23T11:23:30.345925,3.996,0.055,4.051,4.040,184461
module.mcp.server.lowlevel.helper_types.c,mcp,False,cache_miss,2026-09-23T11:23:34.390792,3.150,0.049,3.198,3.210,57254
module.mcp.server.lowlevel.server.c,mcp,False,cache_miss,2026-09-23T11:23:37.625126,10.943,0.085,11.028,11.027,1577223
module.mcp.server.models.c,mcp,False,cache_miss,2026-09-23T11:23:48.622665,3.417,0.055,3.472,3.475,84561
module.mcp.server.session.c,mcp,False,cache_miss,2026-09-23T11:23:52.109620,11.967,0.070,12.037,12.033,1201800
module.mcp.server.sse.c,mcp,False,cache_miss,2026-09-23T11:24:04.148641,6.433,0.072,6.505,6.494,609594
module.mcp.server.stdio.c,mcp,False,cache_miss,2026-09-23T11:24:10.635551,4.373,0.054,4.427,4.435,256912
module.mcp.server.streamable_http.c,mcp,False,cache_miss,2026-09-23T11:24:15.111682,15.836,0.103,15.939,15.940,2133683
module.mcp.server.streamable_http_manager.c,mcp,False,cache_miss,2026-09-23T11:24:31.024057,7.393,0.077,7.470,7.472,820537
module.mcp.server.transport_security.c,mcp,False,cache_miss,2026-09-23T11:24:38.480616,4.249,0.063,4.312,4.310,250175
module.mcp.server.validation.c,mcp,False,cache_miss,2026-09-23T11:24:42.784110,3.833,0.054,3.888,3.878,180455
module.mcp.shared._httpx_utils.c,mcp,False,cache_miss,2026-09-23T11:24:46.672314,3.537,0.055,3.592,3.601,110418
module.mcp.shared.auth.c,mcp,False,cache_miss,2026-09-23T11:24:50.270925,7.882,0.061,7.944,7.944,558610
module.mcp.shared.c,mcp,False,cache_miss,2026-09-23T11:24:58.214402,2.972,0.061,3.033,3.039,36387
module.mcp.shared.context.c,mcp,False,cache_miss,2026-09-23T11:25:01.245766,3.587,0.059,3.647,3.648,152009
module.mcp.shared.exceptions.c,mcp,False,cache_miss,2026-09-23T11:25:04.895758,3.991,0.063,4.054,4.046,195918
module.mcp.shared.experimental.c,mcp,False,cache_miss,2026-09-23T11:25:08.947013,3.057,0.060,3.117,3.121,42891
module.mcp.shared.experimental.tasks.c,mcp,False,cache_miss,2026-09-23T11:25:12.054562,3.037,0.051,3.088,3.091,48028
module.mcp.shared.experimental.tasks.capabilities.c,mcp,False,cache_miss,2026-09-23T11:25:15.146895,3.499,0.055,3.554,3.548,156390
module.mcp.shared.experimental.tasks.context.c,mcp,False,cache_miss,2026-09-23T11:25:18.708615,3.746,0.063,3.809,3.802,189703
module.mcp.shared.experimental.tasks.helpers.c,mcp,False,cache_miss,2026-09-23T11:25:22.511064,3.978,0.057,4.035,4.044,255405
module.mcp.shared.experimental.tasks.in_memory_task_store.c,mcp,False,cache_miss,2026-09-23T11:25:26.560074,6.068,0.071,6.139,6.136,550731
module.mcp.shared.experimental.tasks.message_queue.c,mcp,False,cache_miss,2026-09-23T11:25:32.692798,5.581,0.065,5.646,5.645,474097
module.mcp.shared.experimental.tasks.polling.c,mcp,False,cache_miss,2026-09-23T11:25:38.329770,3.401,0.056,3.457,3.462,92912
module.mcp.shared.experimental.tasks.resolver.c,mcp,False,cache_miss,2026-09-23T11:25:41.786866,3.746,0.056,3.802,3.803,154143
module.mcp.shared.experimental.tasks.store.c,mcp,False,cache_miss,2026-09-23T11:25:45.594047,4.016,0.061,4.076,4.075,201200
module.mcp.shared.message.c,mcp,False,cache_miss,2026-09-23T11:25:49.672920,3.629,0.063,3.692,3.673,138730
module.mcp.shared.response_router.c,mcp,False,cache_miss,2026-09-23T11:25:53.354249,3.420,0.053,3.473,3.490,92841
module.mcp.shared.session.c,mcp,False,cache_miss,2026-09-23T11:25:56.858521,11.210,0.084,11.294,11.293,1206446
module.mcp.shared.tool_name_validation.c,mcp,False,cache_miss,2026-09-23T11:26:08.126187,3.951,0.058,4.009,4.018,205022
module.mcp.shared.version.c,mcp,False,cache_miss,2026-09-23T11:26:12.130127,2.986,0.053,3.039,3.044,38165
module.mcp.types.c,mcp,False,cache_miss,2026-09-23T11:26:15.269389,62.557,0.153,62.711,62.709,5890953
module.multipart.c,multipart,False,cache_miss,2026-09-23T11:27:17.882389,3.579,0.056,3.634,3.618,106764
module.multipart.multipart.c,multipart,False,cache_miss,2026-09-23T11:27:21.512511,3.061,0.052,3.112,3.119,26039
module.multiprocessing-postLoad.c,multiprocessing-postLoad,False,cache_miss,2026-09-23T11:27:24.628292,3.465,0.055,3.520,3.508,102164
module.multiprocessing-preLoad.c,multiprocessing-preLoad,False,cache_miss,2026-09-23T11:27:28.143694,3.240,0.051,3.290,3.289,42480
module.narwhals._arrow.c,narwhals,False,cache_miss,2026-09-23T11:27:31.447030,3.088,0.064,3.152,3.158,36812
module.narwhals._arrow.dataframe.c,narwhals,False,cache_miss,2026-09-23T11:27:34.622304,13.194,0.087,13.281,13.284,1673876
module.narwhals._arrow.expr.c,narwhals,False,cache_miss,2026-09-23T11:27:47.876421,5.933,0.060,5.994,5.994,477828
module.narwhals._arrow.group_by.c,narwhals,False,cache_miss,2026-09-23T11:27:53.875579,5.904,0.066,5.970,5.989,473632
module.narwhals._arrow.namespace.c,narwhals,False,cache_miss,2026-09-23T11:27:59.850842,9.563,0.071,9.634,9.616,1126998
module.narwhals._arrow.selectors.c,narwhals,False,cache_miss,2026-09-23T11:28:09.465056,3.843,0.051,3.894,3.848,125738
module.narwhals._arrow.series.c,narwhals,False,cache_miss,2026-09-23T11:28:13.440273,22.315,0.133,22.448,22.491,2807914
module.narwhals._arrow.series_cat.c,narwhals,False,cache_miss,2026-09-23T11:28:35.825427,3.537,0.070,3.606,3.611,101655
module.narwhals._arrow.series_dt.c,narwhals,False,cache_miss,2026-09-23T11:28:39.428239,8.230,0.066,8.296,8.270,653599
module.narwhals._arrow.series_list.c,narwhals,False,cache_miss,2026-09-23T11:28:47.742102,4.092,0.084,4.176,4.165,193199
module.narwhals._arrow.series_str.c,narwhals,False,cache_miss,2026-09-23T11:28:51.906498,6.247,0.072,6.319,6.327,448690
module.narwhals._arrow.series_struct.c,narwhals,False,cache_miss,2026-09-23T11:28:58.226219,3.492,0.073,3.565,3.563,88629
module.narwhals._arrow.utils.c,narwhals,False,cache_miss,2026-09-23T11:29:01.818040,10.821,0.099,10.920,10.953,1114520
module.narwhals._compliant.any_namespace.c,narwhals,False,cache_miss,2026-09-23T11:29:12.695381,5.470,0.057,5.527,5.479,472213
module.narwhals._compliant.c,narwhals,False,cache_miss,2026-09-23T11:29:18.240476,3.273,0.075,3.349,3.364,122625
module.narwhals._compliant.column.c,narwhals,False,cache_miss,2026-09-23T11:29:21.594533,4.046,0.081,4.127,4.134,338171
module.narwhals._compliant.dataframe.c,narwhals,False,cache_miss,2026-09-23T11:29:25.721744,8.772,0.081,8.853,8.846,895900
module.narwhals._compliant.expr.c,narwhals,False,cache_miss,2026-09-23T11:29:34.651351,28.406,0.158,28.563,28.597,3248689
module.narwhals._compliant.group_by.c,narwhals,False,cache_miss,2026-09-23T11:30:03.117044,5.487,0.060,5.547,5.548,480028
module.narwhals._compliant.namespace.c,narwhals,False,cache_miss,2026-09-23T11:30:08.676948,6.798,0.073,6.871,6.867,784420
module.narwhals._compliant.selectors.c,narwhals,False,cache_miss,2026-09-23T11:30:15.545596,9.413,0.070,9.483,9.452,1048744
module.narwhals._compliant.series.c,narwhals,False,cache_miss,2026-09-23T11:30:25.044798,8.981,0.087,9.068,9.102,990996
module.narwhals._compliant.typing.c,narwhals,False,cache_miss,2026-09-23T11:30:34.088246,3.465,0.062,3.527,3.534,249563
module.narwhals._compliant.window.c,narwhals,False,cache_miss,2026-09-23T11:30:37.608853,3.288,0.056,3.344,3.334,77472
module.narwhals._constants.c,narwhals,False,cache_miss,2026-09-23T11:30:40.953837,3.073,0.057,3.130,3.133,48137
module.narwhals._dask.c,narwhals,False,cache_miss,2026-09-23T11:30:44.085998,3.022,0.060,3.081,3.071,36718
module.narwhals._dask.dataframe.c,narwhals,False,cache_miss,2026-09-23T11:30:47.173349,8.401,0.066,8.467,8.459,1010402
module.narwhals._dask.expr.c,narwhals,False,cache_miss,2026-09-23T11:30:55.658060,16.036,0.084,16.119,16.127,1750118
module.narwhals._dask.expr_dt.c,narwhals,False,cache_miss,2026-09-23T11:31:11.765854,5.993,0.072,6.065,6.065,623074
module.narwhals._dask.expr_str.c,narwhals,False,cache_miss,2026-09-23T11:31:17.822855,5.086,0.064,5.150,5.152,445834
module.narwhals._dask.group_by.c,narwhals,False,cache_miss,2026-09-23T11:31:22.968101,5.064,0.059,5.123,5.145,365430
module.narwhals._dask.namespace.c,narwhals,False,cache_miss,2026-09-23T11:31:28.112563,9.151,0.080,9.231,9.215,1046784
module.narwhals._dask.selectors.c,narwhals,False,cache_miss,2026-09-23T11:31:37.329990,3.658,0.066,3.724,3.729,125222
module.narwhals._dask.utils.c,narwhals,False,cache_miss,2026-09-23T11:31:41.052180,4.257,0.064,4.321,4.323,276812
module.narwhals._duckdb.c,narwhals,False,cache_miss,2026-09-23T11:31:45.370257,3.033,0.061,3.094,3.081,36906
module.narwhals._duckdb.dataframe.c,narwhals,False,cache_miss,2026-09-23T11:31:48.486968,10.731,0.084,10.815,10.818,1280442
module.narwhals._duckdb.expr.c,narwhals,False,cache_miss,2026-09-23T11:31:59.284467,7.241,0.066,7.307,7.319,856310
module.narwhals._duckdb.expr_dt.c,narwhals,False,cache_miss,2026-09-23T11:32:06.590000,5.271,0.065,5.335,5.334,500395
module.narwhals._duckdb.expr_list.c,narwhals,False,cache_miss,2026-09-23T11:32:11.912436,4.585,0.052,4.637,4.636,332252
module.narwhals._duckdb.expr_str.c,narwhals,False,cache_miss,2026-09-23T11:32:16.563404,3.982,0.066,4.048,4.016,215678
module.narwhals._duckdb.expr_struct.c,narwhals,False,cache_miss,2026-09-23T11:32:20.622594,3.241,0.077,3.318,3.311,103857
module.narwhals._duckdb.group_by.c,narwhals,False,cache_miss,2026-09-23T11:32:23.927992,3.682,0.065,3.747,3.775,119576
module.narwhals._duckdb.namespace.c,narwhals,False,cache_miss,2026-09-23T11:32:27.668223,7.351,0.058,7.409,7.420,789015
module.narwhals._duckdb.selectors.c,narwhals,False,cache_miss,2026-09-23T11:32:35.074722,3.469,0.055,3.525,3.521,130120
module.narwhals._duckdb.series.c,narwhals,False,cache_miss,2026-09-23T11:32:38.600857,3.358,0.057,3.414,3.414,106790
module.narwhals._duckdb.utils.c,narwhals,False,cache_miss,2026-09-23T11:32:42.015936,7.146,0.057,7.203,7.202,796374
module.narwhals._duration.c,narwhals,False,cache_miss,2026-09-23T11:32:49.218737,3.661,0.057,3.718,3.732,185666
module.narwhals._enum.c,narwhals,False,cache_miss,2026-09-23T11:32:52.938092,3.163,0.058,3.222,3.218,69965
module.narwhals._exceptions.c,narwhals,False,cache_miss,2026-09-23T11:32:56.165505,3.440,0.064,3.504,3.499,99282
module.narwhals._expression_parsing.c,narwhals,False,cache_miss,2026-09-23T11:32:59.671850,10.991,0.066,11.057,11.052,1444149
module.narwhals._ibis.c,narwhals,False,cache_miss,2026-09-23T11:33:10.719164,3.004,0.056,3.061,3.065,36718
module.narwhals._ibis.dataframe.c,narwhals,False,cache_miss,2026-09-23T11:33:13.783129,8.425,0.060,8.485,8.481,985100
module.narwhals._ibis.expr.c,narwhals,False,cache_miss,2026-09-23T11:33:22.277745,7.978,0.069,8.047,8.048,924533
module.narwhals._ibis.expr_dt.c,narwhals,False,cache_miss,2026-09-23T11:33:30.317707,4.580,0.062,4.642,4.638,332737
module.narwhals._ibis.expr_list.c,narwhals,False,cache_miss,2026-09-23T11:33:34.954516,4.230,0.057,4.287,4.300,300930
module.narwhals._ibis.expr_str.c,narwhals,False,cache_miss,2026-09-23T11:33:39.246154,4.215,0.062,4.277,4.269,319062
module.narwhals._ibis.expr_struct.c,narwhals,False,cache_miss,2026-09-23T11:33:43.519987,3.295,0.059,3.354,3.348,90953
module.narwhals._ibis.group_by.c,narwhals,False,cache_miss,2026-09-23T11:33:46.874606,3.477,0.060,3.537,3.556,104627
module.narwhals._ibis.namespace.c,narwhals,False,cache_miss,2026-09-23T11:33:50.413879,6.440,0.062,6.502,6.498,658722
module.narwhals._ibis.selectors.c,narwhals,False,cache_miss,2026-09-23T11:33:56.906735,3.437,0.052,3.490,3.487,128522
module.narwhals._ibis.series.c,narwhals,False,cache_miss,2026-09-23T11:34:00.391031,3.343,0.047,3.390,3.389,103864
module.narwhals._ibis.utils.c,narwhals,False,cache_miss,2026-09-23T11:34:03.796240,5.484,0.062,5.546,5.553,546895
module.narwhals._interchange.c,narwhals,False,cache_miss,2026-09-23T11:34:09.339178,2.901,0.059,2.960,2.946,37376
module.narwhals._interchange.dataframe.c,narwhals,False,cache_miss,2026-09-23T11:34:12.303216,4.256,0.063,4.319,4.312,324861
module.narwhals._interchange.series.c,narwhals,False,cache_miss,2026-09-23T11:34:16.619762,3.391,0.060,3.451,3.454,114031
module.narwhals._namespace.c,narwhals,False,cache_miss,2026-09-23T11:34:20.068932,5.355,0.058,5.413,5.417,460386
module.narwhals._native.c,narwhals,False,cache_miss,2026-09-23T11:34:25.485362,7.221,0.061,7.282,7.284,807350
module.narwhals._pandas_like.c,narwhals,False,cache_miss,2026-09-23T11:34:32.761438,3.008,0.055,3.063,3.058,37376
module.narwhals._pandas_like.dataframe.c,narwhals,False,cache_miss,2026-09-23T11:34:35.867404,15.935,0.098,16.033,16.034,2294812
module.narwhals._pandas_like.expr.c,narwhals,False,cache_miss,2026-09-23T11:34:51.856691,6.648,0.055,6.703,6.704,649859
module.narwhals._pandas_like.group_by.c,narwhals,False,cache_miss,2026-09-23T11:34:58.571316,7.149,0.066,7.215,7.213,795695
module.narwhals._pandas_like.namespace.c,narwhals,False,cache_miss,2026-09-23T11:35:05.797222,11.087,0.077,11.164,11.165,1388469
module.narwhals._pandas_like.selectors.c,narwhals,False,cache_miss,2026-09-23T11:35:16.944728,3.588,0.061,3.649,3.655,128720
module.narwhals._pandas_like.series.c,narwhals,False,cache_miss,2026-09-23T11:35:20.626017,17.767,0.093,17.860,17.847,2687373
module.narwhals._pandas_like.series_cat.c,narwhals,False,cache_miss,2026-09-23T11:35:38.456665,3.317,0.064,3.381,3.391,85119
module.narwhals._pandas_like.series_dt.c,narwhals,False,cache_miss,2026-09-23T11:35:41.832278,6.609,0.058,6.668,6.661,703684
module.narwhals._pandas_like.series_list.c,narwhals,False,cache_miss,2026-09-23T11:35:48.505573,4.061,0.064,4.125,4.115,238278
module.narwhals._pandas_like.series_str.c,narwhals,False,cache_miss,2026-09-23T11:35:52.623350,5.177,0.057,5.234,5.254,422110
module.narwhals._pandas_like.series_struct.c,narwhals,False,cache_miss,2026-09-23T11:35:57.858630,3.321,0.059,3.379,3.379,83334
module.narwhals._pandas_like.typing.c,narwhals,False,cache_miss,2026-09-23T11:36:01.239761,3.022,0.061,3.082,3.078,39870
module.narwhals._pandas_like.utils.c,narwhals,False,cache_miss,2026-09-23T11:36:04.337772,7.809,0.076,7.885,7.877,1039173
module.narwhals._polars.c,narwhals,False,cache_miss,2026-09-23T11:36:12.197170,3.102,0.050,3.153,3.151,36906
module.narwhals._polars.dataframe.c,narwhals,False,cache_miss,2026-09-23T11:36:15.384479,11.442,0.085,11.527,11.533,1481786
module.narwhals._polars.expr.c,narwhals,False,cache_miss,2026-09-23T11:36:26.901030,10.647,0.074,10.721,10.720,1373762
module.narwhals._polars.group_by.c,narwhals,False,cache_miss,2026-09-23T11:36:37.603077,4.189,0.055,4.244,4.263,224890
module.narwhals._polars.namespace.c,narwhals,False,cache_miss,2026-09-23T11:36:41.860817,8.148,0.069,8.217,8.198,945865
module.narwhals._polars.series.c,narwhals,False,cache_miss,2026-09-23T11:36:50.090067,12.302,0.081,12.383,12.382,1719832
module.narwhals._polars.utils.c,narwhals,False,cache_miss,2026-09-23T11:37:02.467207,8.367,0.075,8.442,8.442,940725
module.narwhals._spark_like.c,narwhals,False,cache_miss,2026-09-23T11:37:10.886324,3.230,0.052,3.282,3.287,37282
module.narwhals._spark_like.dataframe.c,narwhals,False,cache_miss,2026-09-23T11:37:14.194481,11.710,0.078,11.789,11.784,1249169
module.narwhals._spark_like.expr.c,narwhals,False,cache_miss,2026-09-23T11:37:25.984837,8.743,0.080,8.823,8.838,1029276
module.narwhals._spark_like.expr_dt.c,narwhals,False,cache_miss,2026-09-23T11:37:34.808403,6.399,0.080,6.480,6.445,497599
module.narwhals._spark_like.expr_list.c,narwhals,False,cache_miss,2026-09-23T11:37:41.280730,5.116,0.073,5.189,5.186,336203
module.narwhals._spark_like.expr_str.c,narwhals,False,cache_miss,2026-09-23T11:37:46.482199,4.120,0.085,4.205,4.231,213894
module.narwhals._spark_like.expr_struct.c,narwhals,False,cache_miss,2026-09-23T11:37:50.664437,3.462,0.062,3.524,3.533,93328
module.narwhals._spark_like.group_by.c,narwhals,False,cache_miss,2026-09-23T11:37:54.193583,3.731,0.067,3.799,3.776,111731
module.narwhals._spark_like.namespace.c,narwhals,False,cache_miss,2026-09-23T11:37:58.007589,8.288,0.083,8.370,8.379,837251
module.narwhals._spark_like.selectors.c,narwhals,False,cache_miss,2026-09-23T11:38:06.350153,3.902,0.055,3.957,3.959,131907
module.narwhals._spark_like.utils.c,narwhals,False,cache_miss,2026-09-23T11:38:10.313215,6.062,0.061,6.123,6.126,532730
module.narwhals._sql.c,narwhals,False,cache_miss,2026-09-23T11:38:16.425634,3.348,0.050,3.398,3.393,36624
module.narwhals._sql.dataframe.c,narwhals,False,cache_miss,2026-09-23T11:38:19.827346,4.120,0.054,4.173,4.182,180275
module.narwhals._sql.expr.c,narwhals,False,cache_miss,2026-09-23T11:38:24.042999,17.566,0.096,17.661,17.649,2266777
module.narwhals._sql.expr_dt.c,narwhals,False,cache_miss,2026-09-23T11:38:41.667159,4.120,0.058,4.178,4.184,244566
module.narwhals._sql.expr_str.c,narwhals,False,cache_miss,2026-09-23T11:38:45.844507,5.973,0.058,6.031,6.031,522076
module.narwhals._sql.group_by.c,narwhals,False,cache_miss,2026-09-23T11:38:51.871703,3.920,0.054,3.974,3.974,174728
module.narwhals._sql.namespace.c,narwhals,False,cache_miss,2026-09-23T11:38:55.854517,4.566,0.063,4.629,4.640,352218
module.narwhals._sql.typing.c,narwhals,False,cache_miss,2026-09-23T11:39:00.476623,2.991,0.056,3.047,3.042,39776
module.narwhals._translate.c,narwhals,False,cache_miss,2026-09-23T11:39:03.532546,14.037,0.065,14.101,14.105,1264789
module.narwhals._typing.c,narwhals,False,cache_miss,2026-09-23T11:39:17.629598,4.287,0.061,4.347,4.344,390509
module.narwhals._typing_compat.c,narwhals,False,cache_miss,2026-09-23T11:39:21.961029,3.291,0.045,3.336,3.340,82022
module.narwhals._utils.c,narwhals,False,cache_miss,2026-09-23T11:39:25.349891,20.211,0.098,20.309,20.293,3026568
module.narwhals.c,narwhals,False,cache_miss,2026-09-23T11:39:45.617465,3.535,0.056,3.591,3.588,198212
module.narwhals.dataframe.c,narwhals,False,cache_miss,2026-09-23T11:39:49.255114,17.519,0.103,17.622,17.632,2459625
module.narwhals.dependencies.c,narwhals,False,cache_miss,2026-09-23T11:40:06.850130,9.449,0.076,9.525,9.523,1344782
module.narwhals.dtypes.c,narwhals,False,cache_miss,2026-09-23T11:40:16.374211,17.324,0.075,17.399,17.407,1787002
module.narwhals.exceptions.c,narwhals,False,cache_miss,2026-09-23T11:40:33.753436,5.553,0.055,5.608,5.602,406763
module.narwhals.expr.c,narwhals,False,cache_miss,2026-09-23T11:40:39.384724,12.343,0.078,12.421,12.419,1629805
module.narwhals.expr_cat.c,narwhals,False,cache_miss,2026-09-23T11:40:51.780853,3.525,0.053,3.578,3.581,102099
module.narwhals.expr_dt.c,narwhals,False,cache_miss,2026-09-23T11:40:55.361584,5.323,0.056,5.378,5.372,402801
module.narwhals.expr_list.c,narwhals,False,cache_miss,2026-09-23T11:41:00.741858,4.495,0.058,4.553,4.559,231481
module.narwhals.expr_name.c,narwhals,False,cache_miss,2026-09-23T11:41:05.289680,3.992,0.053,4.044,4.044,171034
module.narwhals.expr_str.c,narwhals,False,cache_miss,2026-09-23T11:41:09.348247,4.899,0.067,4.966,4.973,375616
module.narwhals.expr_struct.c,narwhals,False,cache_miss,2026-09-23T11:41:14.307890,3.391,0.060,3.452,3.446,103412
module.narwhals.functions.c,narwhals,False,cache_miss,2026-09-23T11:41:17.791224,11.025,0.092,11.117,11.122,1462369
module.narwhals.group_by.c,narwhals,False,cache_miss,2026-09-23T11:41:28.879371,4.287,0.063,4.350,4.351,243195
module.narwhals.plugins.c,narwhals,False,cache_miss,2026-09-23T11:41:33.221422,4.446,0.055,4.501,4.496,309666
module.narwhals.schema.c,narwhals,False,cache_miss,2026-09-23T11:41:37.729686,6.214,0.062,6.276,6.274,592504
module.narwhals.selectors.c,narwhals,False,cache_miss,2026-09-23T11:41:44.012652,4.410,0.069,4.479,4.480,277084
module.narwhals.series.c,narwhals,False,cache_miss,2026-09-23T11:41:48.505637,15.315,0.083,15.398,15.401,2130444
module.narwhals.series_cat.c,narwhals,False,cache_miss,2026-09-23T11:42:03.883622,3.387,0.063,3.450,3.448,85917
module.narwhals.series_dt.c,narwhals,False,cache_miss,2026-09-23T11:42:07.326274,5.135,0.056,5.191,5.191,369825
module.narwhals.series_list.c,narwhals,False,cache_miss,2026-09-23T11:42:12.521596,4.176,0.060,4.236,4.238,210657
module.narwhals.series_str.c,narwhals,False,cache_miss,2026-09-23T11:42:16.753304,5.273,0.056,5.329,5.329,373664
module.narwhals.series_struct.c,narwhals,False,cache_miss,2026-09-23T11:42:22.087792,3.478,0.062,3.540,3.548,86538
module.narwhals.stable.c,narwhals,False,cache_miss,2026-09-23T11:42:25.628379,3.320,0.063,3.383,3.375,43663
module.narwhals.stable.v1._dtypes.c,narwhals,False,cache_miss,2026-09-23T11:42:29.014348,4.486,0.066,4.551,4.550,261531
module.narwhals.stable.v1._namespace.c,narwhals,False,cache_miss,2026-09-23T11:42:33.550285,3.404,0.050,3.454,3.450,74029
module.narwhals.stable.v1.c,narwhals,False,cache_miss,2026-09-23T11:42:37.042509,13.468,0.088,13.556,13.553,1772681
module.narwhals.stable.v1.dependencies.c,narwhals,False,cache_miss,2026-09-23T11:42:50.577611,3.408,0.067,3.476,3.492,162688
module.narwhals.stable.v1.dtypes.c,narwhals,False,cache_miss,2026-09-23T11:42:54.036530,3.184,0.051,3.235,3.222,78569
module.narwhals.stable.v1.selectors.c,narwhals,False,cache_miss,2026-09-23T11:42:57.283175,3.059,0.062,3.121,3.125,41592
module.narwhals.stable.v1.typing.c,narwhals,False,cache_miss,2026-09-23T11:43:00.404563,3.134,0.062,3.196,3.206,87221
module.narwhals.stable.v2._namespace.c,narwhals,False,cache_miss,2026-09-23T11:43:03.587127,3.296,0.049,3.345,3.333,74029
module.narwhals.stable.v2.c,narwhals,False,cache_miss,2026-09-23T11:43:06.969418,11.196,0.086,11.283,11.299,1450744
module.narwhals.stable.v2.dependencies.c,narwhals,False,cache_miss,2026-09-23T11:43:18.223936,3.469,0.058,3.528,3.515,152278
module.narwhals.stable.v2.dtypes.c,narwhals,False,cache_miss,2026-09-23T11:43:21.750971,2.966,0.058,3.023,3.015,27327
module.narwhals.stable.v2.selectors.c,narwhals,False,cache_miss,2026-09-23T11:43:24.778441,2.971,0.062,3.033,3.042,27543
module.narwhals.stable.v2.typing.c,narwhals,False,cache_miss,2026-09-23T11:43:27.807710,3.148,0.058,3.206,3.205,70511
module.narwhals.translate.c,narwhals,False,cache_miss,2026-09-23T11:43:31.005533,6.203,0.050,6.253,6.250,703644
module.narwhals.typing.c,narwhals,False,cache_miss,2026-09-23T11:43:37.273094,3.495,0.064,3.559,3.560,231417
module.numpy.__config__.c,numpy,False,cache_miss,2026-09-23T11:43:40.832796,4.299,0.065,4.364,4.361,201093
module.numpy._array_api_info.c,numpy,False,cache_miss,2026-09-23T11:43:45.190884,4.116,0.059,4.174,4.180,245044
module.numpy._configtool.c,numpy,False,cache_miss,2026-09-23T11:43:49.367655,3.305,0.061,3.366,3.358,82721
module.numpy._core._add_newdocs.c,numpy,False,cache_miss,2026-09-23T11:43:52.742812,5.407,0.070,5.478,5.485,502589
module.numpy._core._add_newdocs_scalars.c,numpy,False,cache_miss,2026-09-23T11:43:58.205938,4.611,0.056,4.666,4.663,302312
module.numpy._core._asarray.c,numpy,False,cache_miss,2026-09-23T11:44:02.879476,3.577,0.063,3.639,3.637,113515
module.numpy._core._dtype.c,numpy,False,cache_miss,2026-09-23T11:44:06.518015,6.405,0.062,6.467,6.461,559994
module.numpy._core._dtype_ctypes.c,numpy,False,cache_miss,2026-09-23T11:44:12.976171,4.146,0.054,4.199,4.212,182814
module.numpy._core._exceptions.c,numpy,False,cache_miss,2026-09-23T11:44:17.178869,5.489,0.057,5.546,5.545,461230
module.numpy._core._internal.c,numpy,False,cache_miss,2026-09-23T11:44:22.750925,11.259,0.083,11.343,11.342,1350908
module.numpy._core._methods.c,numpy,False,cache_miss,2026-09-23T11:44:34.074893,5.977,0.065,6.041,6.037,498737
module.numpy._core._string_helpers.c,numpy,False,cache_miss,2026-09-23T11:44:40.119050,3.434,0.067,3.501,3.508,90053
module.numpy._core._type_aliases.c,numpy,False,cache_miss,2026-09-23T11:44:43.611078,4.530,0.058,4.588,4.585,239319
module.numpy._core._ufunc_config.c,numpy,False,cache_miss,2026-09-23T11:44:48.209390,4.528,0.068,4.596,4.603,259815
module.numpy._core.arrayprint.c,numpy,False,cache_miss,2026-09-23T11:44:52.811461,16.392,0.074,16.466,16.469,2179744
module.numpy._core.c,numpy,False,cache_miss,2026-09-23T11:45:09.271915,4.138,0.068,4.206,4.191,275429
module.numpy._core.cversions.c,numpy,False,cache_miss,2026-09-23T11:45:13.473148,3.174,0.064,3.238,3.224,34315
module.numpy._core.defchararray.c,numpy,False,cache_miss,2026-09-23T11:45:16.722836,8.820,0.075,8.895,8.916,1145789
module.numpy._core.einsumfunc.c,numpy,False,cache_miss,2026-09-23T11:45:25.617837,14.163,0.075,14.238,14.228,1416615
module.numpy._core.fromnumeric.c,numpy,False,cache_miss,2026-09-23T11:45:39.856363,9.917,0.076,9.992,10.012,1354402
module.numpy._core.function_base.c,numpy,False,cache_miss,2026-09-23T11:45:49.833501,5.028,0.061,5.089,5.070,383521
module.numpy._core.getlimits.c,numpy,False,cache_miss,2026-09-23T11:45:54.930267,5.626,0.069,5.694,5.696,514653
module.numpy._core.include.c,numpy,False,cache_miss,2026-09-23T11:46:00.610276,3.125,0.054,3.179,3.186,32559
module.numpy._core.lib.c,numpy,False,cache_miss,2026-09-23T11:46:03.797285,3.104,0.062,3.167,3.179,32319
module.numpy._core.lib.pkgconfig.c,numpy,False,cache_miss,2026-09-23T11:46:06.965371,3.157,0.064,3.221,3.204,37164
module.numpy._core.memmap.c,numpy,False,cache_miss,2026-09-23T11:46:10.178485,4.915,0.056,4.971,4.971,288055
module.numpy._core.multiarray.c,numpy,False,cache_miss,2026-09-23T11:46:15.159827,4.842,0.066,4.908,4.907,375258
module.numpy._core.numeric.c,numpy,False,cache_miss,2026-09-23T11:46:20.077560,12.969,0.076,13.045,13.050,1768819
module.numpy._core.numerictypes.c,numpy,False,cache_miss,2026-09-23T11:46:33.107831,5.419,0.061,5.480,5.478,419109
module.numpy._core.overrides.c,numpy,False,cache_miss,2026-09-23T11:46:38.592989,4.001,0.066,4.067,4.065,218219
module.numpy._core.printoptions.c,numpy,False,cache_miss,2026-09-23T11:46:42.653327,3.119,0.060,3.179,3.185,38668
module.numpy._core.records.c,numpy,False,cache_miss,2026-09-23T11:46:45.847621,8.899,0.075,8.974,8.969,987206
module.numpy._core.shape_base.c,numpy,False,cache_miss,2026-09-23T11:46:54.812827,7.611,0.066,7.677,7.679,770029
module.numpy._core.strings.c,numpy,False,cache_miss,2026-09-23T11:47:02.504559,9.724,0.080,9.805,9.810,1175006
module.numpy._core.tests._locales.c,numpy,True,cache_miss,2026-09-23T11:47:12.294431,3.873,0.065,3.938,3.919,140086
module.numpy._core.tests._natype.c,numpy,True,cache_miss,2026-09-23T11:47:16.224501,4.148,0.057,4.205,4.221,264478
module.numpy._core.tests.c,numpy,True,cache_miss,2026-09-23T11:47:20.432201,3.045,0.059,3.105,3.100,32439
module.numpy._core.tests.examples.c,numpy,True,cache_miss,2026-09-23T11:47:23.541338,3.034,0.064,3.098,3.101,37206
module.numpy._core.tests.examples.cython.c,numpy,True,cache_miss,2026-09-23T11:47:26.626494,2.991,0.051,3.042,3.044,41840
module.numpy._core.tests.examples.cython.setup.c,numpy,True,cache_miss,2026-09-23T11:47:29.681327,3.223,0.064,3.287,3.287,95006
module.numpy._core.tests.examples.limited_api.c,numpy,True,cache_miss,2026-09-23T11:47:32.966145,3.345,0.062,3.407,3.398,42140
module.numpy._core.tests.examples.limited_api.setup.c,numpy,True,cache_miss,2026-09-23T11:47:36.368399,3.224,0.057,3.281,3.287,64240
module.numpy._core.tests.test__exceptions.c,numpy,True,cache_miss,2026-09-23T11:47:39.657322,4.475,0.065,4.540,4.533,257310
module.numpy._core.tests.test_abc.c,numpy,True,cache_miss,2026-09-23T11:47:44.195765,4.246,0.064,4.310,4.318,200174
module.numpy._core.tests.test_api.c,numpy,True,cache_miss,2026-09-23T11:47:48.528859,14.386,0.087,14.474,14.466,1548096
module.numpy._core.tests.test_argparse.c,numpy,True,cache_miss,2026-09-23T11:48:02.974707,4.585,0.059,4.644,4.648,303748
module.numpy._core.tests.test_array_api_info.c,numpy,True,cache_miss,2026-09-23T11:48:07.624095,4.446,0.064,4.510,4.506,287754
module.numpy._core.tests.test_array_coercion.c,numpy,True,cache_miss,2026-09-23T11:48:12.155926,17.919,0.086,18.005,18.012,2482258
module.numpy._core.tests.test_array_interface.c,numpy,True,cache_miss,2026-09-23T11:48:30.138097,3.894,0.063,3.957,3.962,190167
module.numpy._core.tests.test_arraymethod.c,numpy,True,cache_miss,2026-09-23T11:48:34.086864,4.375,0.055,4.429,4.416,254493
module.numpy._core.tests.test_arrayobject.c,numpy,True,cache_miss,2026-09-23T11:48:38.534315,6.373,0.073,6.446,6.467,593831
module.numpy._core.tests.test_arrayprint.c,numpy,True,cache_miss,2026-09-23T11:48:45.006541,17.062,0.099,17.160,17.141,2761829
module.numpy._core.tests.test_casting_floatingpoint_errors.c,numpy,True,cache_miss,2026-09-23T11:49:02.140398,6.076,0.072,6.148,6.153,504198
module.numpy._core.tests.test_casting_unittests.c,numpy,True,cache_miss,2026-09-23T11:49:08.314207,18.891,0.098,18.989,18.987,2104156
module.numpy._core.tests.test_conversion_utils.c,numpy,True,cache_miss,2026-09-23T11:49:27.282029,7.635,0.077,7.711,7.706,759363
module.numpy._core.tests.test_cpu_dispatcher.c,numpy,True,cache_miss,2026-09-23T11:49:34.990647,3.736,0.074,3.810,3.814,98243
module.numpy._core.tests.test_cpu_features.c,numpy,True,cache_miss,2026-09-23T11:49:38.794036,9.850,0.068,9.918,9.909,977318
module.numpy._core.tests.test_custom_dtypes.c,numpy,True,cache_miss,2026-09-23T11:49:48.722333,10.537,0.078,10.615,10.629,1102821
module.numpy._core.tests.test_cython.c,numpy,True,cache_miss,2026-09-23T11:49:59.320817,7.946,0.062,8.008,7.995,876251
module.numpy._core.tests.test_datetime.c,numpy,True,cache_miss,2026-09-23T11:50:07.453883,52.276,0.187,52.463,52.458,7643363
module.numpy._core.tests.test_defchararray.c,numpy,True,cache_miss,2026-09-23T11:50:59.835222,17.662,0.105,17.767,17.778,2462954
module.numpy._core.tests.test_deprecations.c,numpy,True,cache_miss,2026-09-23T11:51:17.592306,16.120,0.095,16.215,16.213,2028456
module.numpy._core.tests.test_dlpack.c,numpy,True,cache_miss,2026-09-23T11:51:33.781027,8.181,0.069,8.250,8.258,880105
module.numpy._core.tests.test_dtype.c,numpy,True,cache_miss,2026-09-23T11:51:42.111789,36.213,0.150,36.363,36.355,5247598
module.numpy._core.tests.test_einsum.c,numpy,True,cache_miss,2026-09-23T11:52:18.426392,26.801,0.102,26.902,26.907,3053109
module.numpy._core.tests.test_errstate.c,numpy,True,cache_miss,2026-09-23T11:52:45.292437,6.629,0.065,6.694,6.694,525472
module.numpy._core.tests.test_extint128.c,numpy,True,cache_miss,2026-09-23T11:52:52.001822,8.506,0.080,8.586,8.585,737804
module.numpy._core.tests.test_finfo.c,numpy,True,cache_miss,2026-09-23T11:53:00.557439,3.832,0.050,3.882,3.890,167740
module.numpy._core.tests.test_function_base.c,numpy,True,cache_miss,2026-09-23T11:53:04.464230,10.077,0.074,10.152,10.148,1388231
module.numpy._core.tests.test_getlimits.c,numpy,True,cache_miss,2026-09-23T11:53:14.610506,6.755,0.069,6.824,6.830,685544
module.numpy._core.tests.test_half.c,numpy,True,cache_miss,2026-09-23T11:53:21.454564,13.254,0.089,13.343,13.344,1666204
module.numpy._core.tests.test_hashtable.c,numpy,True,cache_miss,2026-09-23T11:53:34.779431,7.088,0.071,7.159,7.155,631219
module.numpy._core.tests.test_indexerrors.c,numpy,True,cache_miss,2026-09-23T11:53:41.933109,5.646,0.066,5.712,5.710,573807
module.numpy._core.tests.test_indexing.c,numpy,True,cache_miss,2026-09-23T11:53:47.708051,25.149,0.129,25.278,25.268,4006045
module.numpy._core.tests.test_item_selection.c,numpy,True,cache_miss,2026-09-23T11:54:12.920948,6.100,0.063,6.164,6.179,505817
module.numpy._core.tests.test_limited_api.c,numpy,True,cache_miss,2026-09-23T11:54:19.080864,4.210,0.060,4.269,4.270,295795
module.numpy._core.tests.test_longdouble.c,numpy,True,cache_miss,2026-09-23T11:54:23.365741,12.662,0.075,12.737,12.734,1360430
module.numpy._core.tests.test_mem_overlap.c,numpy,True,cache_miss,2026-09-23T11:54:36.111968,17.218,0.084,17.302,17.293,2241374
module.numpy._core.tests.test_mem_policy.c,numpy,True,cache_miss,2026-09-23T11:54:53.388097,5.442,0.058,5.500,5.511,529654
module.numpy._core.tests.test_memmap.c,numpy,True,cache_miss,2026-09-23T11:54:58.897083,7.285,0.067,7.351,7.352,817919
module.numpy._core.tests.test_multiarray.c,numpy,True,cache_miss,2026-09-23T11:55:06.702437,212.032,0.520,212.553,212.497,28854673
module.numpy._core.tests.test_multiprocessing.c,numpy,True,cache_miss,2026-09-23T11:58:38.802912,3.752,0.068,3.820,3.877,154697
module.numpy._core.tests.test_multithreading.c,numpy,True,cache_miss,2026-09-23T11:58:42.633489,11.753,0.079,11.831,11.825,1623242
module.numpy._core.tests.test_nditer.c,numpy,True,cache_miss,2026-09-23T11:58:54.582340,58.781,0.196,58.977,58.965,7642368
module.numpy._core.tests.test_nep50_promotions.c,numpy,True,cache_miss,2026-09-23T11:59:53.437023,8.530,0.073,8.604,8.608,885316
module.numpy._core.tests.test_numeric.c,numpy,True,cache_miss,2026-09-23T12:00:02.208150,79.807,0.241,80.048,80.042,10778144
module.numpy._core.tests.test_numerictypes.c,numpy,True,cache_miss,2026-09-23T12:01:22.115598,14.731,0.100,14.831,14.851,1808811
module.numpy._core.tests.test_overrides.c,numpy,True,cache_miss,2026-09-23T12:01:36.943887,16.708,0.097,16.805,16.799,2483466
module.numpy._core.tests.test_print.c,numpy,True,cache_miss,2026-09-23T12:01:53.722858,5.895,0.071,5.966,5.975,490889
module.numpy._core.tests.test_protocols.c,numpy,True,cache_miss,2026-09-23T12:01:59.665274,3.816,0.048,3.864,3.860,181531
module.numpy._core.tests.test_records.c,numpy,True,cache_miss,2026-09-23T12:02:03.559638,12.432,0.078,12.510,12.509,1611330
module.numpy._core.tests.test_regression.c,numpy,True,cache_miss,2026-09-23T12:02:16.167198,42.807,0.175,42.983,42.970,6889167
module.numpy._core.tests.test_scalar_ctors.c,numpy,True,cache_miss,2026-09-23T12:02:59.040158,6.877,0.066,6.943,6.954,680291
module.numpy._core.tests.test_scalar_methods.c,numpy,True,cache_miss,2026-09-23T12:03:05.981954,9.107,0.065,9.172,9.173,941181
module.numpy._core.tests.test_scalarbuffer.c,numpy,True,cache_miss,2026-09-23T12:03:15.150291,5.668,0.061,5.729,5.719,455120
module.numpy._core.tests.test_scalarinherit.c,numpy,True,cache_miss,2026-09-23T12:03:20.876760,5.509,0.059,5.568,5.574,453785
module.numpy._core.tests.test_scalarmath.c,numpy,True,cache_miss,2026-09-23T12:03:26.497396,28.112,0.112,28.224,28.221,3333279
module.numpy._core.tests.test_scalarprint.c,numpy,True,cache_miss,2026-09-23T12:03:54.674839,6.909,0.066,6.975,6.971,809503
module.numpy._core.tests.test_shape_base.c,numpy,True,cache_miss,2026-09-23T12:04:01.668686,15.950,0.085,16.034,16.043,2246322
module.numpy._core.tests.test_simd.c,numpy,True,cache_miss,2026-09-23T12:04:17.721729,28.626,0.103,28.730,28.721,3281218
module.numpy._core.tests.test_simd_module.c,numpy,True,cache_miss,2026-09-23T12:04:46.405483,4.924,0.058,4.981,4.992,344300
module.numpy._core.tests.test_stringdtype.c,numpy,True,cache_miss,2026-09-23T12:04:51.478071,36.662,0.149,36.811,36.802,5094282
module.numpy._core.tests.test_strings.c,numpy,True,cache_miss,2026-09-23T12:05:28.251703,22.973,0.112,23.084,23.087,2938526
module.numpy._core.tests.test_ufunc.c,numpy,True,cache_miss,2026-09-23T12:05:51.413749,63.239,0.190,63.429,63.403,8955234
module.numpy._core.tests.test_umath.c,numpy,True,cache_miss,2026-09-23T12:06:54.953737,123.470,0.301,123.771,123.770,14700451
module.numpy._core.tests.test_umath_accuracy.c,numpy,True,cache_miss,2026-09-23T12:08:58.497392,5.474,0.074,5.547,5.581,381383
module.numpy._core.tests.test_umath_complex.c,numpy,True,cache_miss,2026-09-23T12:09:04.046324,15.484,0.075,15.559,15.557,1618753
module.numpy._core.tests.test_unicode.c,numpy,True,cache_miss,2026-09-23T12:09:19.599306,11.357,0.069,11.426,11.415,1157962
module.numpy._core.umath.c,numpy,False,cache_miss,2026-09-23T12:09:31.006334,3.118,0.050,3.168,3.173,66273
module.numpy._distributor_init.c,numpy,False,cache_miss,2026-09-23T12:09:34.178620,3.199,0.054,3.253,3.259,30605
module.numpy._expired_attrs_2_0.c,numpy,False,cache_miss,2026-09-23T12:09:37.441738,3.130,0.064,3.194,3.196,26097
module.numpy._globals.c,numpy,False,cache_miss,2026-09-23T12:09:40.635420,3.598,0.063,3.661,3.662,142805
module.numpy._pyinstaller.c,numpy,False,cache_miss,2026-09-23T12:09:44.286844,3.125,0.053,3.178,3.181,37121
module.numpy._pyinstaller.hook-numpy.c,numpy,False,cache_miss,2026-09-23T12:09:47.474507,3.184,0.063,3.247,3.241,53249
module.numpy._pyinstaller.tests.c,numpy,True,cache_miss,2026-09-23T12:09:50.712484,3.197,0.054,3.251,3.254,65378
module.numpy._pyinstaller.tests.pyinstaller-smoke.c,numpy,True,cache_miss,2026-09-23T12:09:53.961749,3.388,0.052,3.440,3.428,89030
module.numpy._pyinstaller.tests.test_pyinstaller.c,numpy,True,cache_miss,2026-09-23T12:09:57.402643,3.452,0.053,3.505,3.523,96353
module.numpy._pytesttester.c,numpy,False,cache_miss,2026-09-23T12:10:00.915000,3.123,0.060,3.183,3.181,34430
module.numpy._typing._add_docstring.c,numpy,False,cache_miss,2026-09-23T12:10:04.094465,3.788,0.057,3.845,3.837,128128
module.numpy._typing._array_like.c,numpy,False,cache_miss,2026-09-23T12:10:07.952199,4.933,0.070,5.003,5.010,381528
module.numpy._typing._char_codes.c,numpy,False,cache_miss,2026-09-23T12:10:12.952288,4.369,0.067,4.436,4.420,431842
module.numpy._typing._dtype_like.c,numpy,False,cache_miss,2026-09-23T12:10:17.378784,4.966,0.058,5.023,5.028,391864
module.numpy._typing._extended_precision.c,numpy,False,cache_miss,2026-09-23T12:10:22.406244,3.071,0.062,3.133,3.145,52821
module.numpy._typing._nbit.c,numpy,False,cache_miss,2026-09-23T12:10:25.536095,3.239,0.059,3.297,3.289,103814
module.numpy._typing._nbit_base.c,numpy,False,cache_miss,2026-09-23T12:10:28.835278,4.096,0.061,4.157,4.160,217316
module.numpy._typing._nested_sequence.c,numpy,False,cache_miss,2026-09-23T12:10:32.988454,3.685,0.057,3.742,3.745,148766
module.numpy._typing._scalars.c,numpy,False,cache_miss,2026-09-23T12:10:36.726489,3.389,0.053,3.441,3.436,99280
module.numpy._typing._shape.c,numpy,False,cache_miss,2026-09-23T12:10:40.168624,3.093,0.054,3.146,3.146,54621
module.numpy._typing._ufunc.c,numpy,False,cache_miss,2026-09-23T12:10:43.322942,3.005,0.062,3.067,3.076,34655
module.numpy._typing.c,numpy,False,cache_miss,2026-09-23T12:10:46.395156,3.550,0.067,3.616,3.626,230099
module.numpy._utils._conversions.c,numpy,False,cache_miss,2026-09-23T12:10:50.000808,3.120,0.056,3.175,3.158,44539
module.numpy._utils._inspect.c,numpy,False,cache_miss,2026-09-23T12:10:53.187989,4.753,0.068,4.821,4.815,302213
module.numpy._utils._pep440.c,numpy,False,cache_miss,2026-09-23T12:10:58.004267,7.823,0.063,7.886,7.891,848587
module.numpy._utils.c,numpy,False,cache_miss,2026-09-23T12:11:05.888232,3.798,0.061,3.858,3.865,134482
module.numpy.c,numpy,False,cache_miss,2026-09-23T12:11:09.757043,8.557,0.071,8.628,8.624,1225337
module.numpy.char.c,numpy,False,cache_miss,2026-09-23T12:11:18.368414,3.293,0.055,3.348,3.352,84072
module.numpy.conftest.c,numpy,True,cache_miss,2026-09-23T12:11:21.724793,4.535,0.063,4.598,4.597,362349
module.numpy.core._dtype.c,numpy,False,cache_miss,2026-09-23T12:11:26.312181,3.087,0.052,3.139,3.142,43431
module.numpy.core._dtype_ctypes.c,numpy,False,cache_miss,2026-09-23T12:11:29.456497,3.083,0.057,3.140,3.144,44383
module.numpy.core._internal.c,numpy,False,cache_miss,2026-09-23T12:11:32.601160,3.123,0.062,3.185,3.180,62360
module.numpy.core._multiarray_umath.c,numpy,False,cache_miss,2026-09-23T12:11:35.774898,3.440,0.051,3.491,3.484,95908
module.numpy.core._utils.c,numpy,False,cache_miss,2026-09-23T12:11:39.274790,3.177,0.059,3.237,3.238,54563
module.numpy.core.arrayprint.c,numpy,False,cache_miss,2026-09-23T12:11:42.505185,3.045,0.053,3.099,3.104,43975
module.numpy.core.c,numpy,False,cache_miss,2026-09-23T12:11:45.599981,3.158,0.049,3.207,3.208,68439
module.numpy.core.defchararray.c,numpy,False,cache_miss,2026-09-23T12:11:48.814861,3.148,0.057,3.205,3.197,44247
module.numpy.core.einsumfunc.c,numpy,False,cache_miss,2026-09-23T12:11:52.013652,3.110,0.051,3.161,3.164,43975
module.numpy.core.fromnumeric.c,numpy,False,cache_miss,2026-09-23T12:11:55.186721,3.143,0.063,3.206,3.209,44111
module.numpy.core.function_base.c,numpy,False,cache_miss,2026-09-23T12:11:58.388174,3.283,0.059,3.342,3.339,44383
module.numpy.core.getlimits.c,numpy,False,cache_miss,2026-09-23T12:12:01.721248,3.173,0.050,3.223,3.222,43839
module.numpy.core.multiarray.c,numpy,False,cache_miss,2026-09-23T12:12:04.951597,3.289,0.058,3.347,3.343,58261
module.numpy.core.numeric.c,numpy,False,cache_miss,2026-09-23T12:12:08.291518,3.176,0.051,3.227,3.236,44485
module.numpy.core.numerictypes.c,numpy,False,cache_miss,2026-09-23T12:12:11.517671,3.222,0.050,3.272,3.283,44247
module.numpy.core.overrides.c,numpy,False,cache_miss,2026-09-23T12:12:14.805273,3.111,0.065,3.176,3.180,43839
module.numpy.core.records.c,numpy,False,cache_miss,2026-09-23T12:12:17.967920,3.239,0.052,3.291,3.277,43567
module.numpy.core.shape_base.c,numpy,False,cache_miss,2026-09-23T12:12:21.267808,3.244,0.061,3.305,3.297,43975
module.numpy.core.umath.c,numpy,False,cache_miss,2026-09-23T12:12:24.575038,3.182,0.063,3.245,3.249,43295
module.numpy.ctypeslib._ctypeslib.c,numpy,False,cache_miss,2026-09-23T12:12:27.811505,7.065,0.054,7.120,7.118,670874
module.numpy.ctypeslib.c,numpy,False,cache_miss,2026-09-23T12:12:34.938170,3.234,0.061,3.295,3.296,54007
module.numpy.doc.c,numpy,False,cache_miss,2026-09-23T12:12:38.225248,3.214,0.053,3.267,3.258,27732
module.numpy.doc.ufuncs.c,numpy,False,cache_miss,2026-09-23T12:12:41.492677,3.174,0.053,3.227,3.239,24111
module.numpy.dtypes.c,numpy,False,cache_miss,2026-09-23T12:12:44.720617,3.158,0.054,3.211,3.212,59433
module.numpy.exceptions.c,numpy,False,cache_miss,2026-09-23T12:12:47.931875,4.256,0.054,4.310,4.306,231569
module.numpy.fft._helper.c,numpy,False,cache_miss,2026-09-23T12:12:52.237164,4.049,0.049,4.098,4.101,181555
module.numpy.fft._pocketfft.c,numpy,False,cache_miss,2026-09-23T12:12:56.357901,6.338,0.072,6.410,6.411,520036
module.numpy.fft.c,numpy,False,cache_miss,2026-09-23T12:13:02.746529,3.150,0.051,3.200,3.186,65143
module.numpy.fft.tests.c,numpy,True,cache_miss,2026-09-23T12:13:05.946553,3.023,0.050,3.073,3.090,41413
module.numpy.fft.tests.test_helper.c,numpy,True,cache_miss,2026-09-23T12:13:09.033470,5.021,0.064,5.086,5.081,383292
module.numpy.fft.tests.test_pocketfft.c,numpy,True,cache_miss,2026-09-23T12:13:14.136716,14.990,0.082,15.072,15.088,1852676
module.numpy.lib._array_utils_impl.c,numpy,False,cache_miss,2026-09-23T12:13:29.188614,3.510,0.061,3.571,3.547,82219
module.numpy.lib._arraypad_impl.c,numpy,False,cache_miss,2026-09-23T12:13:32.765708,11.605,0.067,11.672,11.653,787751
module.numpy.lib._arraysetops_impl.c,numpy,False,cache_miss,2026-09-23T12:13:44.471465,9.282,0.101,9.384,9.408,870841
module.numpy.lib._arrayterator_impl.c,numpy,False,cache_miss,2026-09-23T12:13:53.819620,5.753,0.066,5.819,5.818,335826
module.numpy.lib._datasource.c,numpy,False,cache_miss,2026-09-23T12:13:59.641556,6.783,0.069,6.852,6.868,584960
module.numpy.lib._format_impl.c,numpy,False,cache_miss,2026-09-23T12:14:06.500777,8.405,0.076,8.481,8.449,831300
module.numpy.lib._function_base_impl.c,numpy,False,cache_miss,2026-09-23T12:14:15.086161,30.753,0.180,30.934,30.924,3839617
module.numpy.lib._histograms_impl.c,numpy,False,cache_miss,2026-09-23T12:14:45.940111,9.845,0.101,9.945,9.975,938105
module.numpy.lib._index_tricks_impl.c,numpy,False,cache_miss,2026-09-23T12:14:55.848031,8.411,0.063,8.474,8.467,801704
module.numpy.lib._iotools.c,numpy,False,cache_miss,2026-09-23T12:15:04.334764,9.049,0.076,9.125,9.136,996593
module.numpy.lib._nanfunctions_impl.c,numpy,False,cache_miss,2026-09-23T12:15:13.455184,8.879,0.071,8.950,8.940,1078289
module.numpy.lib._npyio_impl.c,numpy,False,cache_miss,2026-09-23T12:15:22.433710,23.817,0.100,23.917,23.917,2255247
module.numpy.lib._polynomial_impl.c,numpy,False,cache_miss,2026-09-23T12:15:46.334855,9.936,0.084,10.020,10.020,1230687
module.numpy.lib._scimath_impl.c,numpy,False,cache_miss,2026-09-23T12:15:56.328252,4.442,0.057,4.499,4.508,297304
module.numpy.lib._shape_base_impl.c,numpy,False,cache_miss,2026-09-23T12:16:00.836976,7.439,0.067,7.506,7.494,740789
module.numpy.lib._stride_tricks_impl.c,numpy,False,cache_miss,2026-09-23T12:16:08.336117,5.732,0.060,5.792,5.803,419912
module.numpy.lib._twodim_base_impl.c,numpy,False,cache_miss,2026-09-23T12:16:14.135351,6.789,0.067,6.856,6.847,689680
module.numpy.lib._type_check_impl.c,numpy,False,cache_miss,2026-09-23T12:16:20.988318,5.698,0.064,5.763,5.766,443032
module.numpy.lib._ufunclike_impl.c,numpy,False,cache_miss,2026-09-23T12:16:26.745018,3.543,0.058,3.602,3.602,120068
module.numpy.lib._user_array_impl.c,numpy,False,cache_miss,2026-09-23T12:16:30.360394,7.741,0.072,7.813,7.820,806955
module.numpy.lib._utils_impl.c,numpy,False,cache_miss,2026-09-23T12:16:38.159647,5.724,0.058,5.782,5.785,396481
module.numpy.lib._version.c,numpy,False,cache_miss,2026-09-23T12:16:43.942863,4.578,0.059,4.637,4.630,219885
module.numpy.lib.array_utils.c,numpy,False,cache_miss,2026-09-23T12:16:48.572757,3.203,0.052,3.255,3.257,32999
module.numpy.lib.c,numpy,False,cache_miss,2026-09-23T12:16:51.832834,3.521,0.057,3.578,3.575,123473
module.numpy.lib.format.c,numpy,False,cache_miss,2026-09-23T12:16:55.412533,3.331,0.059,3.390,3.392,56928
module.numpy.lib.introspect.c,numpy,False,cache_miss,2026-09-23T12:16:58.800218,3.913,0.056,3.969,3.965,102192
module.numpy.lib.mixins.c,numpy,False,cache_miss,2026-09-23T12:17:02.771971,4.841,0.059,4.900,4.901,354456
module.numpy.lib.npyio.c,numpy,False,cache_miss,2026-09-23T12:17:07.665772,3.297,0.053,3.350,3.353,30168
module.numpy.lib.recfunctions.c,numpy,False,cache_miss,2026-09-23T12:17:11.043981,17.286,0.081,17.367,17.368,1792985
module.numpy.lib.scimath.c,numpy,False,cache_miss,2026-09-23T12:17:28.390993,3.145,0.061,3.206,3.198,40253
module.numpy.lib.stride_tricks.c,numpy,False,cache_miss,2026-09-23T12:17:31.599280,2.972,0.063,3.035,3.042,30756
module.numpy.lib.tests.c,numpy,True,cache_miss,2026-09-23T12:17:34.633084,3.068,0.062,3.130,3.119,41413
module.numpy.lib.tests.test__datasource.c,numpy,True,cache_miss,2026-09-23T12:17:37.785054,7.831,0.084,7.915,7.916,847467
module.numpy.lib.tests.test__iotools.c,numpy,True,cache_miss,2026-09-23T12:17:45.689789,6.711,0.073,6.785,6.789,781374
module.numpy.lib.tests.test__version.c,numpy,True,cache_miss,2026-09-23T12:17:52.464344,3.889,0.063,3.952,3.968,203005
module.numpy.lib.tests.test_array_utils.c,numpy,True,cache_miss,2026-09-23T12:17:56.421231,3.718,0.068,3.785,3.779,141181
module.numpy.lib.tests.test_arraypad.c,numpy,True,cache_miss,2026-09-23T12:18:00.233033,15.987,0.094,16.081,16.068,2217648
module.numpy.lib.tests.test_arraysetops.c,numpy,True,cache_miss,2026-09-23T12:18:16.325679,19.071,0.106,19.177,19.181,2521169
module.numpy.lib.tests.test_arrayterator.c,numpy,True,cache_miss,2026-09-23T12:18:35.450250,3.903,0.054,3.957,3.957,155961
module.numpy.lib.tests.test_format.c,numpy,True,cache_miss,2026-09-23T12:18:39.443427,13.544,0.090,13.634,13.647,1620331
module.numpy.lib.tests.test_function_base.c,numpy,True,cache_miss,2026-09-23T12:18:53.256370,81.857,0.269,82.125,82.096,12215050
module.numpy.lib.tests.test_histograms.c,numpy,True,cache_miss,2026-09-23T12:20:15.218302,16.821,0.105,16.927,16.944,2290431
module.numpy.lib.tests.test_index_tricks.c,numpy,True,cache_miss,2026-09-23T12:20:32.133560,12.838,0.094,12.932,12.925,1816849
module.numpy.lib.tests.test_io.c,numpy,True,cache_miss,2026-09-23T12:20:45.147220,44.884,0.176,45.060,45.049,6986251
module.numpy.lib.tests.test_loadtxt.c,numpy,True,cache_miss,2026-09-23T12:21:30.133906,17.726,0.103,17.828,17.855,2808678
module.numpy.lib.tests.test_mixins.c,numpy,True,cache_miss,2026-09-23T12:21:47.931162,6.516,0.072,6.588,6.578,645198
module.numpy.lib.tests.test_nanfunctions.c,numpy,True,cache_miss,2026-09-23T12:21:54.569911,33.833,0.123,33.956,33.967,4006278
module.numpy.lib.tests.test_packbits.c,numpy,True,cache_miss,2026-09-23T12:22:28.475801,6.753,0.073,6.826,6.808,623174
module.numpy.lib.tests.test_polynomial.c,numpy,True,cache_miss,2026-09-23T12:22:35.291638,8.295,0.063,8.357,8.373,874381
module.numpy.lib.tests.test_recfunctions.c,numpy,True,cache_miss,2026-09-23T12:22:43.674320,13.364,0.088,13.452,13.436,1935695
module.numpy.lib.tests.test_regression.c,numpy,True,cache_miss,2026-09-23T12:22:57.104859,5.935,0.066,6.002,6.010,602803
module.numpy.lib.tests.test_shape_base.c,numpy,True,cache_miss,2026-09-23T12:23:03.139286,14.682,0.099,14.781,14.779,2250169
module.numpy.lib.tests.test_stride_tricks.c,numpy,True,cache_miss,2026-09-23T12:23:17.910917,12.852,0.090,12.942,12.950,1702456
module.numpy.lib.tests.test_twodim_base.c,numpy,True,cache_miss,2026-09-23T12:23:30.838492,8.916,0.076,8.992,8.986,1213185
module.numpy.lib.tests.test_type_check.c,numpy,True,cache_miss,2026-09-23T12:23:39.829786,11.463,0.076,11.539,11.536,1640264
module.numpy.lib.tests.test_ufunclike.c,numpy,True,cache_miss,2026-09-23T12:23:51.358904,5.078,0.066,5.144,5.148,423832
module.numpy.lib.tests.test_utils.c,numpy,True,cache_miss,2026-09-23T12:23:56.499753,3.888,0.063,3.951,3.951,204063
module.numpy.lib.user_array.c,numpy,False,cache_miss,2026-09-23T12:24:00.436481,2.943,0.048,2.992,2.989,29051
module.numpy.linalg._linalg.c,numpy,False,cache_miss,2026-09-23T12:24:03.488026,18.437,0.108,18.545,18.538,2640084
module.numpy.linalg.c,numpy,False,cache_miss,2026-09-23T12:24:21.986559,3.275,0.062,3.337,3.343,54881
module.numpy.linalg.tests.c,numpy,True,cache_miss,2026-09-23T12:24:25.321658,3.306,0.060,3.366,3.372,41680
module.numpy.linalg.tests.test_deprecations.c,numpy,True,cache_miss,2026-09-23T12:24:28.686399,3.235,0.059,3.294,3.295,68408
module.numpy.linalg.tests.test_linalg.c,numpy,True,cache_miss,2026-09-23T12:24:32.089096,52.873,0.167,53.040,53.028,6618198
module.numpy.linalg.tests.test_regression.c,numpy,True,cache_miss,2026-09-23T12:25:25.025612,5.856,0.064,5.920,5.928,504393
module.numpy.ma.c,numpy,False,cache_miss,2026-09-23T12:25:30.943706,3.170,0.062,3.232,3.228,64440
module.numpy.ma.core.c,numpy,False,cache_miss,2026-09-23T12:25:34.293093,52.195,0.179,52.374,52.367,6981306
module.numpy.ma.extras.c,numpy,False,cache_miss,2026-09-23T12:26:26.564139,13.587,0.076,13.662,13.679,1735224
module.numpy.ma.mrecords.c,numpy,False,cache_miss,2026-09-23T12:26:40.228749,10.124,0.078,10.202,10.211,1040834
module.numpy.ma.tests.c,numpy,True,cache_miss,2026-09-23T12:26:50.404786,3.123,0.053,3.176,3.164,41324
module.numpy.ma.tests.test_arrayobject.c,numpy,True,cache_miss,2026-09-23T12:26:53.583967,3.761,0.056,3.817,3.807,124225
module.numpy.ma.tests.test_core.c,numpy,True,cache_miss,2026-09-23T12:26:57.629713,89.084,0.285,89.370,89.360,13316154
module.numpy.ma.tests.test_deprecations.c,numpy,True,cache_miss,2026-09-23T12:28:26.780384,4.067,0.066,4.134,4.155,215432
module.numpy.ma.tests.test_extras.c,numpy,True,cache_miss,2026-09-23T12:28:30.976872,29.506,0.129,29.635,29.620,4482788
module.numpy.ma.tests.test_mrecords.c,numpy,True,cache_miss,2026-09-23T12:29:00.553984,9.837,0.071,9.909,9.908,1142234
module.numpy.ma.tests.test_old_ma.c,numpy,True,cache_miss,2026-09-23T12:29:10.501645,20.743,0.110,20.853,20.853,2851678
module.numpy.ma.tests.test_regression.c,numpy,True,cache_miss,2026-09-23T12:29:31.309189,4.182,0.065,4.246,4.258,279885
module.numpy.ma.tests.test_subclassing.c,numpy,True,cache_miss,2026-09-23T12:29:35.571171,9.802,0.080,9.883,9.883,1236876
module.numpy.ma.testutils.c,numpy,False,cache_miss,2026-09-23T12:29:45.444808,5.975,0.071,6.047,6.033,534433
module.numpy.matlib.c,numpy,False,cache_miss,2026-09-23T12:29:51.485675,4.011,0.066,4.077,4.081,208546
module.numpy.matrixlib.c,numpy,False,cache_miss,2026-09-23T12:29:55.557351,3.033,0.061,3.094,3.106,54042
module.numpy.matrixlib.defmatrix.c,numpy,False,cache_miss,2026-09-23T12:29:58.657718,7.240,0.068,7.307,7.318,716449
module.numpy.matrixlib.tests.c,numpy,True,cache_miss,2026-09-23T12:30:05.960470,3.081,0.063,3.144,3.135,41947
module.numpy.matrixlib.tests.test_defmatrix.c,numpy,True,cache_miss,2026-09-23T12:30:09.122078,12.904,0.080,12.984,12.978,1361064
module.numpy.matrixlib.tests.test_interaction.c,numpy,True,cache_miss,2026-09-23T12:30:22.098401,7.632,0.073,7.705,7.704,851398
module.numpy.matrixlib.tests.test_masked_matrix.c,numpy,True,cache_miss,2026-09-23T12:30:29.787099,8.658,0.056,8.715,8.695,753238
module.numpy.matrixlib.tests.test_matrix_linalg.c,numpy,True,cache_miss,2026-09-23T12:30:38.535112,6.665,0.090,6.755,6.763,501123
module.numpy.matrixlib.tests.test_multiarray.c,numpy,True,cache_miss,2026-09-23T12:30:45.253795,3.658,0.053,3.712,3.699,99317
module.numpy.matrixlib.tests.test_numeric.c,numpy,True,cache_miss,2026-09-23T12:30:48.985689,3.481,0.073,3.554,3.572,82200
module.numpy.matrixlib.tests.test_regression.c,numpy,True,cache_miss,2026-09-23T12:30:52.531027,3.772,0.064,3.837,3.841,146470
module.numpy.polynomial._polybase.c,numpy,False,cache_miss,2026-09-23T12:30:56.362451,10.609,0.059,10.669,10.670,1248856
module.numpy.polynomial.c,numpy,False,cache_miss,2026-09-23T12:31:07.034523,3.242,0.063,3.305,3.281,85142
module.numpy.polynomial.chebyshev.c,numpy,False,cache_miss,2026-09-23T12:31:10.369239,10.422,0.093,10.514,10.538,1121580
module.numpy.polynomial.hermite.c,numpy,False,cache_miss,2026-09-23T12:31:20.856201,8.994,0.065,9.059,9.060,877009
module.numpy.polynomial.hermite_e.c,numpy,False,cache_miss,2026-09-23T12:31:29.916718,8.681,0.067,8.748,8.758,856194
module.numpy.polynomial.laguerre.c,numpy,False,cache_miss,2026-09-23T12:31:38.671128,8.630,0.073,8.703,8.693,837678
module.numpy.polynomial.legendre.c,numpy,False,cache_miss,2026-09-23T12:31:47.375764,8.529,0.074,8.603,8.608,836061
module.numpy.polynomial.polynomial.c,numpy,False,cache_miss,2026-09-23T12:31:55.976875,7.824,0.072,7.896,7.885,783005
module.numpy.polynomial.polyutils.c,numpy,False,cache_miss,2026-09-23T12:32:03.870774,8.026,0.070,8.095,8.093,757235
module.numpy.polynomial.tests.c,numpy,True,cache_miss,2026-09-23T12:32:11.943425,3.115,0.047,3.162,3.172,42036
module.numpy.polynomial.tests.test_chebyshev.c,numpy,True,cache_miss,2026-09-23T12:32:15.139052,14.896,0.081,14.977,14.970,1709054
module.numpy.polynomial.tests.test_classes.c,numpy,True,cache_miss,2026-09-23T12:32:30.121542,11.780,0.086,11.866,11.866,1411568
module.numpy.polynomial.tests.test_hermite.c,numpy,True,cache_miss,2026-09-23T12:32:41.988098,13.575,0.087,13.662,13.661,1524353
module.numpy.polynomial.tests.test_hermite_e.c,numpy,True,cache_miss,2026-09-23T12:32:55.642181,13.460,0.079,13.539,13.539,1530745
module.numpy.polynomial.tests.test_laguerre.c,numpy,True,cache_miss,2026-09-23T12:33:09.168006,13.161,0.066,13.227,13.230,1481869
module.numpy.polynomial.tests.test_legendre.c,numpy,True,cache_miss,2026-09-23T12:33:22.414926,14.212,0.086,14.298,14.295,1572220
module.numpy.polynomial.tests.test_polynomial.c,numpy,True,cache_miss,2026-09-23T12:33:36.718019,16.113,0.091,16.204,16.214,1872859
module.numpy.polynomial.tests.test_polyutils.c,numpy,True,cache_miss,2026-09-23T12:33:52.890784,5.119,0.060,5.179,5.171,317678
module.numpy.polynomial.tests.test_printing.c,numpy,True,cache_miss,2026-09-23T12:33:58.089632,9.544,0.080,9.625,9.629,1200170
module.numpy.polynomial.tests.test_symbol.c,numpy,True,cache_miss,2026-09-23T12:34:07.700630,6.227,0.067,6.294,6.293,615449
module.numpy.random._examples.c,numpy,False,cache_miss,2026-09-23T12:34:13.978428,2.997,0.051,3.047,3.054,32730
module.numpy.random._examples.cffi.c,numpy,False,cache_miss,2026-09-23T12:34:17.035204,2.996,0.060,3.056,3.041,37221
module.numpy.random._examples.cffi.extending.c,numpy,False,cache_miss,2026-09-23T12:34:20.081456,3.458,0.050,3.509,3.510,118029
module.numpy.random._examples.cffi.parse.c,numpy,False,cache_miss,2026-09-23T12:34:23.591522,3.704,0.052,3.756,3.770,109975
module.numpy.random._examples.numba.c,numpy,False,cache_miss,2026-09-23T12:34:27.355813,3.073,0.060,3.132,3.132,37281
module.numpy.random._examples.numba.extending.c,numpy,False,cache_miss,2026-09-23T12:34:30.494198,4.158,0.066,4.224,4.219,257001
module.numpy.random._examples.numba.extending_distributions.c,numpy,False,cache_miss,2026-09-23T12:34:34.704742,3.477,0.053,3.530,3.532,125048
module.numpy.random._pickle.c,numpy,False,cache_miss,2026-09-23T12:34:38.237184,3.576,0.055,3.631,3.627,121348
module.numpy.random.c,numpy,False,cache_miss,2026-09-23T12:34:41.876601,3.268,0.063,3.331,3.339,99250
module.numpy.random.tests.c,numpy,True,cache_miss,2026-09-23T12:34:45.206641,3.080,0.062,3.142,3.134,41680
module.numpy.random.tests.data.c,numpy,True,cache_miss,2026-09-23T12:34:48.347811,3.033,0.061,3.094,3.094,46758
module.numpy.random.tests.test_direct.c,numpy,True,cache_miss,2026-09-23T12:34:51.450878,12.933,0.070,13.003,13.006,1679812
module.numpy.random.tests.test_extending.c,numpy,True,cache_miss,2026-09-23T12:35:04.451878,5.328,0.068,5.396,5.392,330899
module.numpy.random.tests.test_generator_mt19937.c,numpy,True,cache_miss,2026-09-23T12:35:09.959439,42.064,0.180,42.243,42.229,6719655
module.numpy.random.tests.test_generator_mt19937_regressions.c,numpy,True,cache_miss,2026-09-23T12:35:52.102120,6.030,0.079,6.109,6.125,595915
module.numpy.random.tests.test_random.c,numpy,True,cache_miss,2026-09-23T12:35:58.258176,25.680,0.126,25.806,25.816,3989861
module.numpy.random.tests.test_randomstate.c,numpy,True,cache_miss,2026-09-23T12:36:24.081977,31.196,0.144,31.340,31.333,4846525
module.numpy.random.tests.test_randomstate_regression.c,numpy,True,cache_miss,2026-09-23T12:36:55.343894,6.216,0.066,6.282,6.277,639880
module.numpy.random.tests.test_regression.c,numpy,True,cache_miss,2026-09-23T12:37:01.626474,5.522,0.067,5.588,5.604,466635
module.numpy.random.tests.test_seed_sequence.c,numpy,True,cache_miss,2026-09-23T12:37:07.215783,4.133,0.068,4.201,4.195,177536
module.numpy.random.tests.test_smoke.c,numpy,True,cache_miss,2026-09-23T12:37:11.422374,16.034,0.074,16.107,16.104,2262888
module.numpy.rec.c,numpy,False,cache_miss,2026-09-23T12:37:27.516808,3.087,0.061,3.148,3.151,42964
module.numpy.strings.c,numpy,False,cache_miss,2026-09-23T12:37:30.666573,3.035,0.062,3.098,3.101,43380
module.numpy.tests.c,numpy,True,cache_miss,2026-09-23T12:37:33.756410,3.005,0.055,3.060,3.047,36463
module.numpy.tests.test__all__.c,numpy,True,cache_miss,2026-09-23T12:37:36.811208,3.259,0.049,3.308,3.314,57634
module.numpy.tests.test_configtool.c,numpy,True,cache_miss,2026-09-23T12:37:40.124834,3.778,0.055,3.833,3.845,204039
module.numpy.tests.test_ctypeslib.c,numpy,True,cache_miss,2026-09-23T12:37:43.977909,7.873,0.075,7.947,7.951,922453
module.numpy.tests.test_lazyloading.c,numpy,True,cache_miss,2026-09-23T12:37:51.913363,3.110,0.063,3.173,3.161,64300
module.numpy.tests.test_matlib.c,numpy,True,cache_miss,2026-09-23T12:37:55.085554,3.664,0.062,3.726,3.745,178806
module.numpy.tests.test_numpy_config.c,numpy,True,cache_miss,2026-09-23T12:37:58.810249,3.775,0.060,3.836,3.824,160231
module.numpy.tests.test_numpy_version.c,numpy,True,cache_miss,2026-09-23T12:38:02.647007,3.402,0.061,3.463,3.456,96104
module.numpy.tests.test_public_api.c,numpy,True,cache_miss,2026-09-23T12:38:06.112598,7.551,0.064,7.615,7.607,856332
module.numpy.tests.test_reloading.c,numpy,True,cache_miss,2026-09-23T12:38:13.727292,3.912,0.064,3.976,3.976,186040
module.numpy.tests.test_scripts.c,numpy,True,cache_miss,2026-09-23T12:38:17.698598,3.346,0.059,3.405,3.412,120613
module.numpy.tests.test_warnings.c,numpy,True,cache_miss,2026-09-23T12:38:21.100643,4.309,0.056,4.365,4.377,250540
module.numpy.typing.c,numpy,False,cache_miss,2026-09-23T12:38:25.463496,3.404,0.054,3.458,3.448,121120
module.numpy.typing.mypy_plugin.c,numpy,False,cache_miss,2026-09-23T12:38:28.934358,4.996,0.067,5.063,5.064,410788
module.numpy.typing.tests.c,numpy,True,cache_miss,2026-09-23T12:38:33.990877,3.017,0.061,3.078,3.093,41680
module.numpy.typing.tests.data.c,numpy,True,cache_miss,2026-09-23T12:38:37.065826,3.018,0.058,3.076,3.066,37017
module.numpy.typing.tests.data.pass.arithmetic.c,numpy,True,cache_miss,2026-09-23T12:38:40.151374,7.430,0.068,7.498,7.485,850249
module.numpy.typing.tests.data.pass.array_constructors.c,numpy,True,cache_miss,2026-09-23T12:38:47.648418,5.227,0.067,5.294,5.291,335174
module.numpy.typing.tests.data.pass.array_like.c,numpy,True,cache_miss,2026-09-23T12:38:52.930731,3.693,0.056,3.749,3.750,161221
module.numpy.typing.tests.data.pass.arrayprint.c,numpy,True,cache_miss,2026-09-23T12:38:56.685669,3.232,0.062,3.294,3.302,70415
module.numpy.typing.tests.data.pass.arrayterator.c,numpy,True,cache_miss,2026-09-23T12:38:59.976509,3.150,0.059,3.208,3.213,68629
module.numpy.typing.tests.data.pass.bitwise_ops.c,numpy,True,cache_miss,2026-09-23T12:39:03.181156,3.414,0.055,3.469,3.461,186886
module.numpy.typing.tests.data.pass.c,numpy,True,cache_miss,2026-09-23T12:39:06.656151,3.079,0.061,3.140,3.143,41567
module.numpy.typing.tests.data.pass.comparisons.c,numpy,True,cache_miss,2026-09-23T12:39:09.801946,4.765,0.067,4.832,4.831,480171
module.numpy.typing.tests.data.pass.dtype.c,numpy,True,cache_miss,2026-09-23T12:39:14.614117,3.491,0.047,3.538,3.538,109040
module.numpy.typing.tests.data.pass.einsumfunc.c,numpy,True,cache_miss,2026-09-23T12:39:18.168365,3.451,0.063,3.514,3.508,138082
module.numpy.typing.tests.data.pass.flatiter.c,numpy,True,cache_miss,2026-09-23T12:39:21.681041,3.179,0.062,3.240,3.250,65242
module.numpy.typing.tests.data.pass.fromnumeric.c,numpy,True,cache_miss,2026-09-23T12:39:24.928339,7.035,0.069,7.103,7.112,524399
module.numpy.typing.tests.data.pass.index_tricks.c,numpy,True,cache_miss,2026-09-23T12:39:32.028534,3.546,0.066,3.612,3.601,145306
module.numpy.typing.tests.data.pass.lib_user_array.c,numpy,True,cache_miss,2026-09-23T12:39:35.635295,3.084,0.060,3.145,3.145,81744
module.numpy.typing.tests.data.pass.lib_utils.c,numpy,True,cache_miss,2026-09-23T12:39:38.776065,3.059,0.056,3.116,3.105,60851
module.numpy.typing.tests.data.pass.lib_version.c,numpy,True,cache_miss,2026-09-23T12:39:41.888181,2.991,0.053,3.044,3.052,52331
module.numpy.typing.tests.data.pass.literal.c,numpy,True,cache_miss,2026-09-23T12:39:44.940454,3.946,0.062,4.008,4.006,177001
module.numpy.typing.tests.data.pass.ma.c,numpy,True,cache_miss,2026-09-23T12:39:48.954135,4.504,0.067,4.571,4.567,375024
module.numpy.typing.tests.data.pass.mod.c,numpy,True,cache_miss,2026-09-23T12:39:53.510152,3.681,0.052,3.733,3.736,221885
module.numpy.typing.tests.data.pass.modules.c,numpy,True,cache_miss,2026-09-23T12:39:57.253723,3.262,0.063,3.325,3.328,89279
module.numpy.typing.tests.data.pass.multiarray.c,numpy,True,cache_miss,2026-09-23T12:40:00.569902,3.687,0.054,3.741,3.751,170643
module.numpy.typing.tests.data.pass.ndarray_conversion.c,numpy,True,cache_miss,2026-09-23T12:40:04.318313,3.242,0.061,3.304,3.292,115224
module.numpy.typing.tests.data.pass.ndarray_misc.c,numpy,True,cache_miss,2026-09-23T12:40:07.623189,5.386,0.063,5.449,5.451,408757
module.numpy.typing.tests.data.pass.ndarray_shape_manipulation.c,numpy,True,cache_miss,2026-09-23T12:40:13.066494,3.122,0.057,3.178,3.176,87030
module.numpy.typing.tests.data.pass.nditer.c,numpy,True,cache_miss,2026-09-23T12:40:16.240649,2.996,0.053,3.049,3.044,36402
module.numpy.typing.tests.data.pass.numeric.c,numpy,True,cache_miss,2026-09-23T12:40:19.300455,4.167,0.063,4.231,4.241,223077
module.numpy.typing.tests.data.pass.numerictypes.c,numpy,True,cache_miss,2026-09-23T12:40:23.521660,3.207,0.054,3.261,3.259,60361
module.numpy.typing.tests.data.pass.random.c,numpy,True,cache_miss,2026-09-23T12:40:26.837464,33.612,0.109,33.721,33.711,3283451
module.numpy.typing.tests.data.pass.recfunctions.c,numpy,True,cache_miss,2026-09-23T12:41:00.524363,5.366,0.074,5.441,5.451,454309
module.numpy.typing.tests.data.pass.scalars.c,numpy,True,cache_miss,2026-09-23T12:41:05.950647,5.615,0.060,5.675,5.675,441292
module.numpy.typing.tests.data.pass.shape.c,numpy,True,cache_miss,2026-09-23T12:41:11.626004,3.459,0.061,3.520,3.512,101349
module.numpy.typing.tests.data.pass.simple.c,numpy,True,cache_miss,2026-09-23T12:41:15.150450,3.971,0.065,4.036,4.028,252965
module.numpy.typing.tests.data.pass.ufunc_config.c,numpy,True,cache_miss,2026-09-23T12:41:19.171974,3.439,0.051,3.490,3.497,164481
module.numpy.typing.tests.data.pass.ufunclike.c,numpy,True,cache_miss,2026-09-23T12:41:22.665213,3.581,0.054,3.635,3.640,145845
module.numpy.typing.tests.data.pass.ufuncs.c,numpy,True,cache_miss,2026-09-23T12:41:26.299054,3.325,0.053,3.378,3.383,53953
module.numpy.typing.tests.data.pass.warnings_and_errors.c,numpy,True,cache_miss,2026-09-23T12:41:29.685813,3.157,0.062,3.219,3.212,41000
module.numpy.typing.tests.test_isfile.c,numpy,True,cache_miss,2026-09-23T12:41:32.907386,3.535,0.064,3.599,3.597,107493
module.numpy.typing.tests.test_runtime.c,numpy,True,cache_miss,2026-09-23T12:41:36.501672,5.046,0.059,5.105,5.110,334504
module.numpy.typing.tests.test_typing.c,numpy,True,cache_miss,2026-09-23T12:41:41.611412,6.361,0.064,6.425,6.424,453860
module.numpy.version.c,numpy,False,cache_miss,2026-09-23T12:41:48.032755,3.124,0.060,3.184,3.188,33560
module.onnxruntime.backend.backend.c,onnxruntime,False,cache_miss,2026-09-23T12:41:51.211807,4.654,0.055,4.709,4.700,312419
module.onnxruntime.backend.backend_rep.c,onnxruntime,False,cache_miss,2026-09-23T12:41:55.928938,3.940,0.063,4.004,4.005,145270
module.onnxruntime.backend.c,onnxruntime,False,cache_miss,2026-09-23T12:41:59.930947,3.207,0.062,3.269,3.274,45244
module.onnxruntime.c,onnxruntime,False,cache_miss,2026-09-23T12:42:03.202395,6.723,0.065,6.788,6.798,624775
module.onnxruntime.capi._ld_preload.c,onnxruntime,False,cache_miss,2026-09-23T12:42:09.994667,3.166,0.069,3.235,3.219,24214
module.onnxruntime.capi._pybind_state.c,onnxruntime,False,cache_miss,2026-09-23T12:42:13.212176,3.258,0.052,3.309,3.306,65154
module.onnxruntime.capi.build_and_package_info.c,onnxruntime,False,cache_miss,2026-09-23T12:42:16.529643,3.111,0.060,3.171,3.178,27564
module.onnxruntime.capi.c,onnxruntime,False,cache_miss,2026-09-23T12:42:19.694498,3.224,0.054,3.278,3.274,36879
module.onnxruntime.capi.convert_npz_to_onnx_adapter.c,onnxruntime,False,cache_miss,2026-09-23T12:42:22.980644,3.878,0.062,3.940,3.937,131704
module.onnxruntime.capi.onnxruntime_collect_build_info.c,onnxruntime,False,cache_miss,2026-09-23T12:42:26.913629,3.091,0.055,3.146,3.146,42895
module.onnxruntime.capi.onnxruntime_inference_collection.c,onnxruntime,False,cache_miss,2026-09-23T12:42:30.100585,14.000,0.096,14.096,14.108,2147685
module.onnxruntime.capi.onnxruntime_validation.c,onnxruntime,False,cache_miss,2026-09-23T12:42:44.166375,4.412,0.066,4.478,4.463,232270
module.onnxruntime.capi.version_info.c,onnxruntime,False,cache_miss,2026-09-23T12:42:48.625302,3.065,0.047,3.113,3.122,25591
module.onnxruntime.datasets.c,onnxruntime,False,cache_miss,2026-09-23T12:42:51.750632,3.196,0.060,3.256,3.260,56462
module.onnxruntime.quantization.CalTableFlatBuffers.KeyValue.c,onnxruntime,False,cache_miss,2026-09-23T12:42:55.005432,4.676,0.059,4.735,4.735,222968
module.onnxruntime.quantization.CalTableFlatBuffers.TrtTable.c,onnxruntime,False,cache_miss,2026-09-23T12:42:59.734981,4.100,0.053,4.153,4.152,243679
module.onnxruntime.quantization.CalTableFlatBuffers.c,onnxruntime,False,cache_miss,2026-09-23T12:43:03.877493,3.101,0.043,3.144,3.152,44120
module.onnxruntime.quantization.base_quantizer.c,onnxruntime,False,cache_miss,2026-09-23T12:43:07.049322,10.829,0.071,10.900,10.880,1046765
module.onnxruntime.quantization.c,onnxruntime,False,cache_miss,2026-09-23T12:43:17.943801,3.179,0.066,3.244,3.253,80869
module.onnxruntime.quantization.calibrate.c,onnxruntime,False,cache_miss,2026-09-23T12:43:21.222191,23.940,0.100,24.040,24.021,2681553
module.onnxruntime.quantization.execution_providers.c,onnxruntime,False,cache_miss,2026-09-23T12:43:45.227893,3.192,0.066,3.258,3.269,33942
module.onnxruntime.quantization.execution_providers.qnn.c,onnxruntime,False,cache_miss,2026-09-23T12:43:48.485433,3.298,0.065,3.363,3.369,56204
module.onnxruntime.quantization.execution_providers.qnn.fusion_lpnorm.c,onnxruntime,False,cache_miss,2026-09-23T12:43:51.833994,4.220,0.051,4.270,4.268,190214
module.onnxruntime.quantization.execution_providers.qnn.fusion_spacetodepth.c,onnxruntime,False,cache_miss,2026-09-23T12:43:56.111209,4.783,0.057,4.841,4.832,287443
module.onnxruntime.quantization.execution_providers.qnn.mixed_precision_overrides_utils.c,onnxruntime,False,cache_miss,2026-09-23T12:44:00.956309,6.630,0.062,6.692,6.694,508092
module.onnxruntime.quantization.execution_providers.qnn.preprocess.c,onnxruntime,False,cache_miss,2026-09-23T12:44:07.648506,7.612,0.062,7.674,7.686,589404
module.onnxruntime.quantization.execution_providers.qnn.quant_config.c,onnxruntime,False,cache_miss,2026-09-23T12:44:15.325457,6.195,0.065,6.260,6.273,512076
module.onnxruntime.quantization.fusions.c,onnxruntime,False,cache_miss,2026-09-23T12:44:21.583511,2.933,0.063,2.996,2.985,56881
module.onnxruntime.quantization.fusions.fusion.c,onnxruntime,False,cache_miss,2026-09-23T12:44:24.571624,4.652,0.055,4.707,4.708,440112
module.onnxruntime.quantization.fusions.fusion_gelu.c,onnxruntime,False,cache_miss,2026-09-23T12:44:29.266406,3.820,0.043,3.863,3.874,303208
module.onnxruntime.quantization.fusions.fusion_layernorm.c,onnxruntime,False,cache_miss,2026-09-23T12:44:33.136060,3.558,0.049,3.608,3.607,209190
module.onnxruntime.quantization.fusions.replace_upsample_with_resize.c,onnxruntime,False,cache_miss,2026-09-23T12:44:36.741019,3.543,0.047,3.590,3.572,209793
module.onnxruntime.quantization.matmul_bnb4_quantizer.c,onnxruntime,False,cache_miss,2026-09-23T12:44:40.339036,4.597,0.055,4.651,4.665,429462
module.onnxruntime.quantization.matmul_nbits_quantizer.c,onnxruntime,False,cache_miss,2026-09-23T12:44:45.014863,17.595,0.079,17.674,17.675,2594098
module.onnxruntime.quantization.neural_compressor.c,onnxruntime,False,cache_miss,2026-09-23T12:45:02.657702,2.529,0.048,2.577,2.568,50045
module.onnxruntime.quantization.neural_compressor.onnx_model.c,onnxruntime,False,cache_miss,2026-09-23T12:45:05.260040,13.321,0.073,13.394,13.399,2141809
module.onnxruntime.quantization.neural_compressor.util.c,onnxruntime,False,cache_miss,2026-09-23T12:45:18.635367,2.891,0.055,2.946,2.937,132570
module.onnxruntime.quantization.neural_compressor.weight_only.c,onnxruntime,False,cache_miss,2026-09-23T12:45:21.586905,14.926,0.061,14.986,14.982,1486527
module.onnxruntime.quantization.onnx_model.c,onnxruntime,False,cache_miss,2026-09-23T12:45:36.585620,12.011,0.073,12.084,12.094,1393409
module.onnxruntime.quantization.onnx_quantizer.c,onnxruntime,False,cache_miss,2026-09-23T12:45:48.679313,13.043,0.082,13.125,13.119,1704486
module.onnxruntime.quantization.operators.activation.c,onnxruntime,False,cache_miss,2026-09-23T12:46:01.777392,4.160,0.055,4.216,4.231,290303
module.onnxruntime.quantization.operators.argmax.c,onnxruntime,False,cache_miss,2026-09-23T12:46:05.982463,2.811,0.045,2.856,2.843,95162
module.onnxruntime.quantization.operators.attention.c,onnxruntime,False,cache_miss,2026-09-23T12:46:08.839915,3.432,0.046,3.478,3.489,186276
module.onnxruntime.quantization.operators.base_operator.c,onnxruntime,False,cache_miss,2026-09-23T12:46:12.316695,2.975,0.045,3.020,3.012,88517
module.onnxruntime.quantization.operators.binary_op.c,onnxruntime,False,cache_miss,2026-09-23T12:46:15.337872,3.452,0.046,3.499,3.494,180181
module.onnxruntime.quantization.operators.c,onnxruntime,False,cache_miss,2026-09-23T12:46:18.848810,2.610,0.059,2.668,2.679,43140
module.onnxruntime.quantization.operators.concat.c,onnxruntime,False,cache_miss,2026-09-23T12:46:21.504440,3.354,0.046,3.400,3.401,185672
module.onnxruntime.quantization.operators.conv.c,onnxruntime,False,cache_miss,2026-09-23T12:46:24.909317,5.188,0.051,5.239,5.236,529419
module.onnxruntime.quantization.operators.direct_q8.c,onnxruntime,False,cache_miss,2026-09-23T12:46:30.142250,3.539,0.045,3.583,3.586,240688
module.onnxruntime.quantization.operators.embed_layernorm.c,onnxruntime,False,cache_miss,2026-09-23T12:46:33.733861,3.333,0.053,3.386,3.392,192322
module.onnxruntime.quantization.operators.gather.c,onnxruntime,False,cache_miss,2026-09-23T12:46:37.111144,3.373,0.044,3.417,3.417,226105
module.onnxruntime.quantization.operators.gavgpool.c,onnxruntime,False,cache_miss,2026-09-23T12:46:40.537852,3.071,0.054,3.125,3.125,177852
module.onnxruntime.quantization.operators.gemm.c,onnxruntime,False,cache_miss,2026-09-23T12:46:43.661442,4.406,0.053,4.459,4.454,426592
module.onnxruntime.quantization.operators.lstm.c,onnxruntime,False,cache_miss,2026-09-23T12:46:48.123365,3.794,0.056,3.850,3.855,263955
module.onnxruntime.quantization.operators.matmul.c,onnxruntime,False,cache_miss,2026-09-23T12:46:51.963033,4.431,0.046,4.476,4.469,500705
module.onnxruntime.quantization.operators.maxpool.c,onnxruntime,False,cache_miss,2026-09-23T12:46:56.448754,2.794,0.055,2.849,2.859,144145
module.onnxruntime.quantization.operators.norm.c,onnxruntime,False,cache_miss,2026-09-23T12:46:59.293825,2.845,0.051,2.897,2.891,129970
module.onnxruntime.quantization.operators.pad.c,onnxruntime,False,cache_miss,2026-09-23T12:47:02.184071,3.939,0.045,3.983,3.982,370245
module.onnxruntime.quantization.operators.pooling.c,onnxruntime,False,cache_miss,2026-09-23T12:47:06.163933,3.036,0.041,3.077,3.076,172667
module.onnxruntime.quantization.operators.qdq_base_operator.c,onnxruntime,False,cache_miss,2026-09-23T12:47:09.250245,2.670,0.050,2.721,2.713,88184
module.onnxruntime.quantization.operators.resize.c,onnxruntime,False,cache_miss,2026-09-23T12:47:11.965175,2.674,0.045,2.719,2.726,143789
module.onnxruntime.quantization.operators.softmax.c,onnxruntime,False,cache_miss,2026-09-23T12:47:14.693480,3.065,0.054,3.119,3.123,175098
module.onnxruntime.quantization.operators.split.c,onnxruntime,False,cache_miss,2026-09-23T12:47:17.799454,3.170,0.041,3.211,3.210,213764
module.onnxruntime.quantization.operators.where.c,onnxruntime,False,cache_miss,2026-09-23T12:47:21.025115,3.375,0.056,3.431,3.433,253944
module.onnxruntime.quantization.preprocess.c,onnxruntime,False,cache_miss,2026-09-23T12:47:24.441620,2.423,0.042,2.465,2.460,81462
module.onnxruntime.quantization.qdq_loss_debug.c,onnxruntime,False,cache_miss,2026-09-23T12:47:26.922514,5.525,0.058,5.583,5.576,647131
module.onnxruntime.quantization.qdq_quantizer.c,onnxruntime,False,cache_miss,2026-09-23T12:47:32.524543,13.854,0.077,13.930,13.930,2069856
module.onnxruntime.quantization.quant_utils.c,onnxruntime,False,cache_miss,2026-09-23T12:47:46.445489,13.813,0.067,13.880,13.889,2230001
module.onnxruntime.quantization.quantize.c,onnxruntime,False,cache_miss,2026-09-23T12:48:00.333160,6.700,0.075,6.774,6.776,892313
module.onnxruntime.quantization.registry.c,onnxruntime,False,cache_miss,2026-09-23T12:48:07.086410,3.094,0.054,3.148,3.128,352228
module.onnxruntime.quantization.shape_inference.c,onnxruntime,False,cache_miss,2026-09-23T12:48:10.226206,3.512,0.046,3.557,3.578,278092
module.onnxruntime.quantization.static_quantize_runner.c,onnxruntime,False,cache_miss,2026-09-23T12:48:13.785332,4.342,0.047,4.389,4.388,420330
module.onnxruntime.quantization.tensor_quant_overrides.c,onnxruntime,False,cache_miss,2026-09-23T12:48:18.174717,5.592,0.048,5.640,5.638,743840
module.onnxruntime.tools.c,onnxruntime,False,cache_miss,2026-09-23T12:48:23.814703,2.470,0.048,2.518,2.516,51720
module.onnxruntime.tools.check_onnx_model_mobile_usability.c,onnxruntime,False,cache_miss,2026-09-23T12:48:26.339643,2.648,0.055,2.702,2.704,98712
module.onnxruntime.tools.convert_onnx_models_to_ort.c,onnxruntime,False,cache_miss,2026-09-23T12:48:29.035512,4.302,0.048,4.351,4.350,490965
module.onnxruntime.tools.file_utils.c,onnxruntime,False,cache_miss,2026-09-23T12:48:33.391313,2.634,0.053,2.687,2.693,96801
module.onnxruntime.tools.logger.c,onnxruntime,False,cache_miss,2026-09-23T12:48:36.078113,2.309,0.053,2.362,2.355,43345
module.onnxruntime.tools.make_dynamic_shape_fixed.c,onnxruntime,False,cache_miss,2026-09-23T12:48:38.441863,2.682,0.055,2.737,2.716,167109
module.onnxruntime.tools.mobile_helpers.c,onnxruntime,False,cache_miss,2026-09-23T12:48:41.180319,2.515,0.057,2.572,2.587,43007
module.onnxruntime.tools.mobile_helpers.usability_checker.c,onnxruntime,False,cache_miss,2026-09-23T12:48:43.758861,7.693,0.063,7.757,7.753,1114956
module.onnxruntime.tools.offline_tuning.c,onnxruntime,False,cache_miss,2026-09-23T12:48:51.518291,4.668,0.066,4.734,4.746,431531
module.onnxruntime.tools.onnx_model_utils.c,onnxruntime,False,cache_miss,2026-09-23T12:48:56.249615,5.511,0.064,5.575,5.564,632423
module.onnxruntime.tools.onnx_randomizer.c,onnxruntime,False,cache_miss,2026-09-23T12:49:01.806801,3.217,0.046,3.263,3.274,193114
module.onnxruntime.tools.onnxruntime_test.c,onnxruntime,False,cache_miss,2026-09-23T12:49:05.069031,3.798,0.045,3.844,3.842,286330
module.onnxruntime.tools.optimize_onnx_model.c,onnxruntime,False,cache_miss,2026-09-23T12:49:08.911888,2.754,0.045,2.799,2.802,99442
module.onnxruntime.tools.ort_format_model.c,onnxruntime,False,cache_miss,2026-09-23T12:49:11.721270,2.505,0.055,2.560,2.560,91142
module.onnxruntime.tools.ort_format_model.operator_type_usage_processors.c,onnxruntime,False,cache_miss,2026-09-23T12:49:14.300330,7.932,0.074,8.006,7.991,1212203
module.onnxruntime.tools.ort_format_model.ort_flatbuffers_py.c,onnxruntime,False,cache_miss,2026-09-23T12:49:22.298447,2.603,0.066,2.669,2.680,49674
module.onnxruntime.tools.ort_format_model.ort_flatbuffers_py.fbs.ArgType.c,onnxruntime,False,cache_miss,2026-09-23T12:49:24.952062,2.704,0.050,2.754,2.756,55523
module.onnxruntime.tools.ort_format_model.ort_flatbuffers_py.fbs.ArgTypeAndIndex.c,onnxruntime,False,cache_miss,2026-09-23T12:49:27.710175,3.407,0.054,3.461,3.461,272406
module.onnxruntime.tools.ort_format_model.ort_flatbuffers_py.fbs.Attribute.c,onnxruntime,False,cache_miss,2026-09-23T12:49:31.171277,7.104,0.055,7.158,7.160,1098986
module.onnxruntime.tools.ort_format_model.ort_flatbuffers_py.fbs.AttributeType.c,onnxruntime,False,cache_miss,2026-09-23T12:49:38.317400,2.446,0.042,2.488,2.490,70398
module.onnxruntime.tools.ort_format_model.ort_flatbuffers_py.fbs.Checkpoint.c,onnxruntime,False,cache_miss,2026-09-23T12:49:40.818960,3.714,0.056,3.770,3.769,441030
module.onnxruntime.tools.ort_format_model.ort_flatbuffers_py.fbs.DeprecatedKernelCreateInfos.c,onnxruntime,False,cache_miss,2026-09-23T12:49:44.581445,3.628,0.048,3.676,3.678,453698
module.onnxruntime.tools.ort_format_model.ort_flatbuffers_py.fbs.DeprecatedNodeIndexAndKernelDefHash.c,onnxruntime,False,cache_miss,2026-09-23T12:49:48.264668,3.397,0.056,3.453,3.444,291435
module.onnxruntime.tools.ort_format_model.ort_flatbuffers_py.fbs.DeprecatedSessionState.c,onnxruntime,False,cache_miss,2026-09-23T12:49:51.721295,3.690,0.060,3.750,3.755,361335
module.onnxruntime.tools.ort_format_model.ort_flatbuffers_py.fbs.DeprecatedSubGraphSessionState.c,onnxruntime,False,cache_miss,2026-09-23T12:49:55.473835,3.430,0.062,3.493,3.480,296499
module.onnxruntime.tools.ort_format_model.ort_flatbuffers_py.fbs.Dimension.c,onnxruntime,False,cache_miss,2026-09-23T12:49:58.970759,3.370,0.067,3.437,3.450,276436
module.onnxruntime.tools.ort_format_model.ort_flatbuffers_py.fbs.DimensionValue.c,onnxruntime,False,cache_miss,2026-09-23T12:50:02.396868,3.578,0.056,3.634,3.635,317603
module.onnxruntime.tools.ort_format_model.ort_flatbuffers_py.fbs.DimensionValueType.c,onnxruntime,False,cache_miss,2026-09-23T12:50:06.031177,2.596,0.056,2.652,2.651,58261
module.onnxruntime.tools.ort_format_model.ort_flatbuffers_py.fbs.EdgeEnd.c,onnxruntime,False,cache_miss,2026-09-23T12:50:08.673146,2.996,0.046,3.043,3.042,153653
module.onnxruntime.tools.ort_format_model.ort_flatbuffers_py.fbs.FloatProperty.c,onnxruntime,False,cache_miss,2026-09-23T12:50:11.719987,3.438,0.050,3.488,3.476,271078
module.onnxruntime.tools.ort_format_model.ort_flatbuffers_py.fbs.Graph.c,onnxruntime,False,cache_miss,2026-09-23T12:50:15.212250,6.747,0.055,6.801,6.809,1013919
module.onnxruntime.tools.ort_format_model.ort_flatbuffers_py.fbs.InferenceSession.c,onnxruntime,False,cache_miss,2026-09-23T12:50:22.012738,3.695,0.054,3.748,3.756,335900
module.onnxruntime.tools.ort_format_model.ort_flatbuffers_py.fbs.IntProperty.c,onnxruntime,False,cache_miss,2026-09-23T12:50:25.762507,3.477,0.055,3.532,3.523,269182
module.onnxruntime.tools.ort_format_model.ort_flatbuffers_py.fbs.KernelTypeStrArgsEntry.c,onnxruntime,False,cache_miss,2026-09-23T12:50:29.291757,3.327,0.052,3.379,3.389,349565
module.onnxruntime.tools.ort_format_model.ort_flatbuffers_py.fbs.KernelTypeStrResolver.c,onnxruntime,False,cache_miss,2026-09-23T12:50:32.662021,3.136,0.043,3.180,3.183,306018
module.onnxruntime.tools.ort_format_model.ort_flatbuffers_py.fbs.MapType.c,onnxruntime,False,cache_miss,2026-09-23T12:50:35.851412,3.102,0.053,3.156,3.153,274264
module.onnxruntime.tools.ort_format_model.ort_flatbuffers_py.fbs.Model.c,onnxruntime,False,cache_miss,2026-09-23T12:50:39.003219,4.824,0.049,4.874,4.863,751841
module.onnxruntime.tools.ort_format_model.ort_flatbuffers_py.fbs.ModuleState.c,onnxruntime,False,cache_miss,2026-09-23T12:50:43.883514,3.918,0.056,3.974,3.985,494321
module.onnxruntime.tools.ort_format_model.ort_flatbuffers_py.fbs.Node.c,onnxruntime,False,cache_miss,2026-09-23T12:50:47.867700,5.924,0.066,5.990,5.986,1055960
module.onnxruntime.tools.ort_format_model.ort_flatbuffers_py.fbs.NodeEdge.c,onnxruntime,False,cache_miss,2026-09-23T12:50:53.837228,3.684,0.046,3.730,3.724,439011
module.onnxruntime.tools.ort_format_model.ort_flatbuffers_py.fbs.NodeType.c,onnxruntime,False,cache_miss,2026-09-23T12:50:57.576919,2.289,0.056,2.345,2.356,55683
module.onnxruntime.tools.ort_format_model.ort_flatbuffers_py.fbs.NodesToOptimizeIndices.c,onnxruntime,False,cache_miss,2026-09-23T12:50:59.923336,4.056,0.057,4.113,4.113,595738
module.onnxruntime.tools.ort_format_model.ort_flatbuffers_py.fbs.OpIdKernelTypeStrArgsEntry.c,onnxruntime,False,cache_miss,2026-09-23T12:51:04.033933,3.733,0.055,3.788,3.784,356293
module.onnxruntime.tools.ort_format_model.ort_flatbuffers_py.fbs.OperatorSetId.c,onnxruntime,False,cache_miss,2026-09-23T12:51:07.822146,3.549,0.055,3.605,3.599,271596
module.onnxruntime.tools.ort_format_model.ort_flatbuffers_py.fbs.OptimizerGroup.c,onnxruntime,False,cache_miss,2026-09-23T12:51:11.419332,3.890,0.048,3.938,3.946,434007
module.onnxruntime.tools.ort_format_model.ort_flatbuffers_py.fbs.ParameterOptimizerState.c,onnxruntime,False,cache_miss,2026-09-23T12:51:15.362322,3.232,0.053,3.285,3.277,351199
module.onnxruntime.tools.ort_format_model.ort_flatbuffers_py.fbs.PropertyBag.c,onnxruntime,False,cache_miss,2026-09-23T12:51:18.642202,4.234,0.047,4.282,4.285,508255
module.onnxruntime.tools.ort_format_model.ort_flatbuffers_py.fbs.RuntimeOptimizationRecord.c,onnxruntime,False,cache_miss,2026-09-23T12:51:22.934186,4.012,0.058,4.070,4.072,402867
module.onnxruntime.tools.ort_format_model.ort_flatbuffers_py.fbs.RuntimeOptimizationRecordContainerEntry.c,onnxruntime,False,cache_miss,2026-09-23T12:51:26.994445,3.318,0.048,3.366,3.363,373054
module.onnxruntime.tools.ort_format_model.ort_flatbuffers_py.fbs.RuntimeOptimizations.c,onnxruntime,False,cache_miss,2026-09-23T12:51:30.368334,3.043,0.056,3.099,3.105,302265
module.onnxruntime.tools.ort_format_model.ort_flatbuffers_py.fbs.SequenceType.c,onnxruntime,False,cache_miss,2026-09-23T12:51:33.456128,2.859,0.045,2.903,2.897,234789
module.onnxruntime.tools.ort_format_model.ort_flatbuffers_py.fbs.Shape.c,onnxruntime,False,cache_miss,2026-09-23T12:51:36.367274,3.254,0.052,3.307,3.308,285673
module.onnxruntime.tools.ort_format_model.ort_flatbuffers_py.fbs.SparseTensor.c,onnxruntime,False,cache_miss,2026-09-23T12:51:39.681483,4.120,0.060,4.179,4.182,408598
module.onnxruntime.tools.ort_format_model.ort_flatbuffers_py.fbs.StringProperty.c,onnxruntime,False,cache_miss,2026-09-23T12:51:43.863982,3.187,0.063,3.250,3.253,271824
module.onnxruntime.tools.ort_format_model.ort_flatbuffers_py.fbs.StringStringEntry.c,onnxruntime,False,cache_miss,2026-09-23T12:51:47.096056,2.982,0.045,3.028,3.028,274467
module.onnxruntime.tools.ort_format_model.ort_flatbuffers_py.fbs.Tensor.c,onnxruntime,False,cache_miss,2026-09-23T12:51:50.129737,4.564,0.051,4.615,4.615,697505
module.onnxruntime.tools.ort_format_model.ort_flatbuffers_py.fbs.TensorDataType.c,onnxruntime,False,cache_miss,2026-09-23T12:51:54.746002,2.324,0.052,2.377,2.375,80922
module.onnxruntime.tools.ort_format_model.ort_flatbuffers_py.fbs.TensorTypeAndShape.c,onnxruntime,False,cache_miss,2026-09-23T12:51:57.126823,3.302,0.056,3.359,3.331,283556
module.onnxruntime.tools.ort_format_model.ort_flatbuffers_py.fbs.TypeInfo.c,onnxruntime,False,cache_miss,2026-09-23T12:52:00.482121,3.357,0.053,3.410,3.436,315201
module.onnxruntime.tools.ort_format_model.ort_flatbuffers_py.fbs.TypeInfoValue.c,onnxruntime,False,cache_miss,2026-09-23T12:52:03.880507,2.513,0.042,2.555,2.555,58968
module.onnxruntime.tools.ort_format_model.ort_flatbuffers_py.fbs.ValueInfo.c,onnxruntime,False,cache_miss,2026-09-23T12:52:06.440898,3.532,0.047,3.579,3.576,319332
module.onnxruntime.tools.ort_format_model.ort_flatbuffers_py.fbs.c,onnxruntime,False,cache_miss,2026-09-23T12:52:10.023597,2.717,0.051,2.768,2.753,107533
module.onnxruntime.tools.ort_format_model.ort_model_processor.c,onnxruntime,False,cache_miss,2026-09-23T12:52:12.802146,3.394,0.061,3.455,3.466,204661
module.onnxruntime.tools.ort_format_model.types.c,onnxruntime,False,cache_miss,2026-09-23T12:52:16.248312,2.961,0.052,3.013,3.019,189341
module.onnxruntime.tools.ort_format_model.utils.c,onnxruntime,False,cache_miss,2026-09-23T12:52:19.250941,3.637,0.042,3.679,3.670,182076
module.onnxruntime.tools.pytorch_export_contrib_ops.c,onnxruntime,False,cache_miss,2026-09-23T12:52:22.936137,4.696,0.048,4.744,4.693,299026
module.onnxruntime.tools.pytorch_export_helpers.c,onnxruntime,False,cache_miss,2026-09-23T12:52:27.727060,4.755,0.095,4.850,4.887,237851
module.onnxruntime.tools.qdq_helpers.c,onnxruntime,False,cache_miss,2026-09-23T12:52:32.539534,2.921,0.058,2.979,2.962,42713
module.onnxruntime.tools.qdq_helpers.optimize_qdq_model.c,onnxruntime,False,cache_miss,2026-09-23T12:52:35.548169,3.693,0.088,3.780,3.791,77311
module.onnxruntime.tools.qnn.add_trans_cast.c,onnxruntime,False,cache_miss,2026-09-23T12:52:39.316767,7.566,0.076,7.642,7.633,540124
module.onnxruntime.tools.qnn.c,onnxruntime,False,cache_miss,2026-09-23T12:52:46.958897,2.790,0.076,2.866,2.902,32625
module.onnxruntime.tools.qnn.gen_qnn_ctx_onnx_model.c,onnxruntime,False,cache_miss,2026-09-23T12:52:49.837924,6.912,0.089,7.001,6.956,559702
module.onnxruntime.tools.qnn.preprocess.c,onnxruntime,False,cache_miss,2026-09-23T12:52:56.834239,2.800,0.085,2.884,2.928,118441
module.onnxruntime.tools.reduced_build_config_parser.c,onnxruntime,False,cache_miss,2026-09-23T12:52:59.681894,3.765,0.048,3.813,3.816,244672
module.onnxruntime.tools.remove_initializer_from_input.c,onnxruntime,False,cache_miss,2026-09-23T12:53:03.490293,2.715,0.043,2.758,2.759,83465
module.onnxruntime.tools.symbolic_shape_infer.c,onnxruntime,False,cache_miss,2026-09-23T12:53:06.337781,52.305,0.132,52.438,52.407,6316791
module.onnxruntime.tools.update_onnx_opset.c,onnxruntime,False,cache_miss,2026-09-23T12:53:58.718763,2.457,0.076,2.533,2.561,78985
module.onnxruntime.transformers.affinity_helper.c,onnxruntime,False,cache_miss,2026-09-23T12:54:01.225536,2.644,0.050,2.694,2.692,92629
module.onnxruntime.transformers.benchmark.c,onnxruntime,False,cache_miss,2026-09-23T12:54:03.936280,12.171,0.067,12.237,12.194,1152311
module.onnxruntime.transformers.benchmark_helper.c,onnxruntime,False,cache_miss,2026-09-23T12:54:16.179740,10.822,0.073,10.895,10.903,1278456
module.onnxruntime.transformers.bert_perf_test.c,onnxruntime,False,cache_miss,2026-09-23T12:54:27.081564,8.027,0.080,8.107,8.118,925391
module.onnxruntime.transformers.bert_test_data.c,onnxruntime,False,cache_miss,2026-09-23T12:54:35.174120,7.279,0.066,7.345,7.340,764822
module.onnxruntime.transformers.c,onnxruntime,False,cache_miss,2026-09-23T12:54:42.502816,2.271,0.050,2.321,2.346,44335
module.onnxruntime.transformers.compare_bert_results.c,onnxruntime,False,cache_miss,2026-09-23T12:54:44.847324,4.024,0.073,4.097,4.083,371134
module.onnxruntime.transformers.constants.c,onnxruntime,False,cache_miss,2026-09-23T12:54:48.932022,2.413,0.061,2.473,2.497,88731
module.onnxruntime.transformers.convert_generation.c,onnxruntime,False,cache_miss,2026-09-23T12:54:51.472911,47.915,0.128,48.044,48.016,4406156
module.onnxruntime.transformers.convert_tf_models_to_pytorch.c,onnxruntime,False,cache_miss,2026-09-23T12:55:39.453875,4.025,0.066,4.090,4.088,342309
module.onnxruntime.transformers.convert_to_packing_mode.c,onnxruntime,False,cache_miss,2026-09-23T12:55:43.554927,6.955,0.077,7.031,7.039,859885
module.onnxruntime.transformers.dynamo_onnx_helper.c,onnxruntime,False,cache_miss,2026-09-23T12:55:50.582822,4.331,0.073,4.404,4.394,432389
module.onnxruntime.transformers.float16.c,onnxruntime,False,cache_miss,2026-09-23T12:55:54.982209,11.198,0.068,11.266,11.267,868595
module.onnxruntime.transformers.fusion_attention.c,onnxruntime,False,cache_miss,2026-09-23T12:56:06.266582,16.027,0.086,16.113,16.119,1505687
module.onnxruntime.transformers.fusion_attention_clip.c,onnxruntime,False,cache_miss,2026-09-23T12:56:22.349738,4.608,0.056,4.664,4.660,392275
module.onnxruntime.transformers.fusion_attention_sam2.c,onnxruntime,False,cache_miss,2026-09-23T12:56:27.023614,6.461,0.066,6.526,6.527,697175
module.onnxruntime.transformers.fusion_attention_unet.c,onnxruntime,False,cache_miss,2026-09-23T12:56:33.566345,23.880,0.082,23.963,23.948,1573124
module.onnxruntime.transformers.fusion_attention_vae.c,onnxruntime,False,cache_miss,2026-09-23T12:56:57.538332,6.009,0.092,6.101,6.047,474552
module.onnxruntime.transformers.fusion_bart_attention.c,onnxruntime,False,cache_miss,2026-09-23T12:57:03.619667,10.676,0.072,10.749,10.822,712202
module.onnxruntime.transformers.fusion_base.c,onnxruntime,False,cache_miss,2026-09-23T12:57:14.359885,3.841,0.064,3.905,3.893,313727
module.onnxruntime.transformers.fusion_bias_add.c,onnxruntime,False,cache_miss,2026-09-23T12:57:18.258506,3.226,0.057,3.283,3.289,154405
module.onnxruntime.transformers.fusion_biasgelu.c,onnxruntime,False,cache_miss,2026-09-23T12:57:21.555998,3.210,0.071,3.281,3.256,170380
module.onnxruntime.transformers.fusion_biassplitgelu.c,onnxruntime,False,cache_miss,2026-09-23T12:57:24.840194,3.750,0.074,3.824,3.832,191323
module.onnxruntime.transformers.fusion_conformer_attention.c,onnxruntime,False,cache_miss,2026-09-23T12:57:28.669237,5.270,0.079,5.350,5.349,373523
module.onnxruntime.transformers.fusion_constant_fold.c,onnxruntime,False,cache_miss,2026-09-23T12:57:34.004528,3.745,0.065,3.809,3.816,282046
module.onnxruntime.transformers.fusion_embedlayer.c,onnxruntime,False,cache_miss,2026-09-23T12:57:37.846740,11.698,0.098,11.796,11.764,963732
module.onnxruntime.transformers.fusion_fastgelu.c,onnxruntime,False,cache_miss,2026-09-23T12:57:49.631664,7.063,0.087,7.149,7.180,481196
module.onnxruntime.transformers.fusion_gelu.c,onnxruntime,False,cache_miss,2026-09-23T12:57:56.776287,5.037,0.082,5.118,5.116,346161
module.onnxruntime.transformers.fusion_gelu_approximation.c,onnxruntime,False,cache_miss,2026-09-23T12:58:01.882609,3.456,0.070,3.525,3.528,117255
module.onnxruntime.transformers.fusion_gemmfastgelu.c,onnxruntime,False,cache_miss,2026-09-23T12:58:05.408638,4.518,0.070,4.589,4.585,258586
module.onnxruntime.transformers.fusion_gpt_attention.c,onnxruntime,False,cache_miss,2026-09-23T12:58:10.008983,9.130,0.082,9.213,9.227,678995
module.onnxruntime.transformers.fusion_gpt_attention_megatron.c,onnxruntime,False,cache_miss,2026-09-23T12:58:19.197301,4.854,0.058,4.911,4.908,504374
module.onnxruntime.transformers.fusion_gpt_attention_no_past.c,onnxruntime,False,cache_miss,2026-09-23T12:58:24.120507,3.929,0.070,3.999,3.987,361896
module.onnxruntime.transformers.fusion_group_norm.c,onnxruntime,False,cache_miss,2026-09-23T12:58:28.112615,3.872,0.063,3.936,3.952,302631
module.onnxruntime.transformers.fusion_layernorm.c,onnxruntime,False,cache_miss,2026-09-23T12:58:32.054274,6.772,0.069,6.841,6.841,691647
module.onnxruntime.transformers.fusion_mha_dit.c,onnxruntime,False,cache_miss,2026-09-23T12:58:38.893745,5.921,0.067,5.988,5.990,659141
module.onnxruntime.transformers.fusion_mha_mmdit.c,onnxruntime,False,cache_miss,2026-09-23T12:58:44.885919,6.239,0.072,6.310,6.309,690650
module.onnxruntime.transformers.fusion_nhwc_conv.c,onnxruntime,False,cache_miss,2026-09-23T12:58:51.190487,3.048,0.066,3.114,3.119,225749
module.onnxruntime.transformers.fusion_options.c,onnxruntime,False,cache_miss,2026-09-23T12:58:54.305230,3.122,0.067,3.188,3.172,364512
module.onnxruntime.transformers.fusion_qordered_attention.c,onnxruntime,False,cache_miss,2026-09-23T12:58:57.502878,7.031,0.076,7.107,7.111,567890
module.onnxruntime.transformers.fusion_qordered_gelu.c,onnxruntime,False,cache_miss,2026-09-23T12:59:04.587790,2.948,0.054,3.002,3.034,198436
module.onnxruntime.transformers.fusion_qordered_layernorm.c,onnxruntime,False,cache_miss,2026-09-23T12:59:07.598060,2.976,0.062,3.038,3.039,205779
module.onnxruntime.transformers.fusion_qordered_matmul.c,onnxruntime,False,cache_miss,2026-09-23T12:59:10.628549,3.566,0.054,3.620,3.599,289138
module.onnxruntime.transformers.fusion_quickgelu.c,onnxruntime,False,cache_miss,2026-09-23T12:59:14.243910,2.776,0.050,2.825,2.852,158566
module.onnxruntime.transformers.fusion_reshape.c,onnxruntime,False,cache_miss,2026-09-23T12:59:17.081747,3.359,0.062,3.421,3.386,257589
module.onnxruntime.transformers.fusion_rotary_attention.c,onnxruntime,False,cache_miss,2026-09-23T12:59:20.538940,25.068,0.099,25.166,25.155,1997198
module.onnxruntime.transformers.fusion_shape.c,onnxruntime,False,cache_miss,2026-09-23T12:59:45.677627,3.396,0.071,3.467,3.488,240857
module.onnxruntime.transformers.fusion_simplified_layernorm.c,onnxruntime,False,cache_miss,2026-09-23T12:59:49.132736,3.802,0.059,3.861,3.863,295883
module.onnxruntime.transformers.fusion_skip_group_norm.c,onnxruntime,False,cache_miss,2026-09-23T12:59:52.997473,4.523,0.063,4.586,4.564,411811
module.onnxruntime.transformers.fusion_skiplayernorm.c,onnxruntime,False,cache_miss,2026-09-23T12:59:57.592416,4.844,0.072,4.915,4.922,430439
module.onnxruntime.transformers.fusion_transpose.c,onnxruntime,False,cache_miss,2026-09-23T13:00:02.509532,4.285,0.074,4.359,4.356,346412
module.onnxruntime.transformers.fusion_utils.c,onnxruntime,False,cache_miss,2026-09-23T13:00:06.863273,5.382,0.068,5.450,5.464,584331
module.onnxruntime.transformers.huggingface_models.c,onnxruntime,False,cache_miss,2026-09-23T13:00:12.307429,2.429,0.062,2.491,2.503,27983
module.onnxruntime.transformers.import_utils.c,onnxruntime,False,cache_miss,2026-09-23T13:00:14.800134,2.434,0.064,2.498,2.508,52704
module.onnxruntime.transformers.io_binding_helper.c,onnxruntime,False,cache_miss,2026-09-23T13:00:17.317316,9.644,0.083,9.727,9.681,1057534
module.onnxruntime.transformers.large_model_exporter.c,onnxruntime,False,cache_miss,2026-09-23T13:00:27.039285,7.562,0.078,7.641,7.664,810035
module.onnxruntime.transformers.machine_info.c,onnxruntime,False,cache_miss,2026-09-23T13:00:34.658514,3.963,0.057,4.020,3.991,423682
module.onnxruntime.transformers.metrics.c,onnxruntime,False,cache_miss,2026-09-23T13:00:38.694746,4.733,0.073,4.806,4.830,462487
module.onnxruntime.transformers.models.bart.c,onnxruntime,False,cache_miss,2026-09-23T13:00:43.482326,2.528,0.055,2.583,2.611,74513
module.onnxruntime.transformers.models.bart.export.c,onnxruntime,False,cache_miss,2026-09-23T13:00:46.070232,2.659,0.060,2.718,2.709,129237
module.onnxruntime.transformers.models.bert.c,onnxruntime,False,cache_miss,2026-09-23T13:00:48.781812,2.496,0.053,2.549,2.558,74513
module.onnxruntime.transformers.models.bert.eval_squad.c,onnxruntime,False,cache_miss,2026-09-23T13:00:51.345242,4.574,0.067,4.641,4.609,480391
module.onnxruntime.transformers.models.c,onnxruntime,False,cache_miss,2026-09-23T13:00:55.984452,2.376,0.065,2.441,2.473,33162
module.onnxruntime.transformers.models.gpt2.benchmark_gpt2.c,onnxruntime,False,cache_miss,2026-09-23T13:00:58.419253,6.924,0.059,6.984,6.952,555376
module.onnxruntime.transformers.models.gpt2.c,onnxruntime,False,cache_miss,2026-09-23T13:01:05.402368,2.410,0.059,2.469,2.492,74513
module.onnxruntime.transformers.models.gpt2.convert_to_onnx.c,onnxruntime,False,cache_miss,2026-09-23T13:01:07.882310,7.382,0.070,7.452,7.431,724445
module.onnxruntime.transformers.models.gpt2.gpt2_helper.c,onnxruntime,False,cache_miss,2026-09-23T13:01:15.350805,15.668,0.087,15.755,15.761,1813016
module.onnxruntime.transformers.models.gpt2.gpt2_parity.c,onnxruntime,False,cache_miss,2026-09-23T13:01:31.089844,7.738,0.071,7.808,7.790,806072
module.onnxruntime.transformers.models.gpt2.gpt2_tester.c,onnxruntime,False,cache_miss,2026-09-23T13:01:38.896747,8.587,0.069,8.657,8.670,970827
module.onnxruntime.transformers.models.gpt2.parity_check_helper.c,onnxruntime,False,cache_miss,2026-09-23T13:01:47.541509,3.788,0.058,3.845,3.846,303830
module.onnxruntime.transformers.models.llama.benchmark.c,onnxruntime,False,cache_miss,2026-09-23T13:01:51.408185,8.577,0.079,8.656,8.665,1096267
module.onnxruntime.transformers.models.llama.benchmark_all.c,onnxruntime,False,cache_miss,2026-09-23T13:02:00.060469,5.224,0.076,5.300,5.298,537035
module.onnxruntime.transformers.models.llama.benchmark_e2e.c,onnxruntime,False,cache_miss,2026-09-23T13:02:05.361177,13.767,0.077,13.844,13.822,933241
module.onnxruntime.transformers.models.llama.c,onnxruntime,False,cache_miss,2026-09-23T13:02:19.191930,2.432,0.064,2.496,2.535,64858
module.onnxruntime.transformers.models.llama.convert_to_onnx.c,onnxruntime,False,cache_miss,2026-09-23T13:02:21.712396,15.561,0.089,15.650,15.601,1566136
module.onnxruntime.transformers.models.llama.dist_settings.c,onnxruntime,False,cache_miss,2026-09-23T13:02:37.328763,2.743,0.055,2.798,2.839,130978
module.onnxruntime.transformers.models.llama.llama_inputs.c,onnxruntime,False,cache_miss,2026-09-23T13:02:40.145347,7.680,0.074,7.753,7.733,766462
module.onnxruntime.transformers.models.llama.llama_parity.c,onnxruntime,False,cache_miss,2026-09-23T13:02:47.907558,5.183,0.083,5.266,5.257,526589
module.onnxruntime.transformers.models.llama.llama_torch.c,onnxruntime,False,cache_miss,2026-09-23T13:02:53.159070,2.746,0.069,2.814,2.842,124049
module.onnxruntime.transformers.models.llama.quant_kv_dataloader.c,onnxruntime,False,cache_miss,2026-09-23T13:02:55.971089,3.809,0.066,3.875,3.845,299888
module.onnxruntime.transformers.models.longformer.benchmark_longformer.c,onnxruntime,False,cache_miss,2026-09-23T13:02:59.878858,10.107,0.099,10.206,10.224,1138049
module.onnxruntime.transformers.models.longformer.c,onnxruntime,False,cache_miss,2026-09-23T13:03:10.039911,2.560,0.054,2.614,2.623,75365
module.onnxruntime.transformers.models.longformer.convert_to_onnx.c,onnxruntime,False,cache_miss,2026-09-23T13:03:12.672066,4.015,0.072,4.087,4.063,494750
module.onnxruntime.transformers.models.longformer.generate_test_data.c,onnxruntime,False,cache_miss,2026-09-23T13:03:16.741414,4.093,0.055,4.148,4.132,402758
module.onnxruntime.transformers.models.longformer.longformer_helper.c,onnxruntime,False,cache_miss,2026-09-23T13:03:20.888901,3.026,0.055,3.080,3.105,188103
module.onnxruntime.transformers.models.phi2.c,onnxruntime,False,cache_miss,2026-09-23T13:03:23.973362,2.422,0.059,2.481,2.511,64732
module.onnxruntime.transformers.models.phi2.convert_to_onnx.c,onnxruntime,False,cache_miss,2026-09-23T13:03:26.474342,6.798,0.079,6.877,6.835,739576
module.onnxruntime.transformers.models.phi2.inference_example.c,onnxruntime,False,cache_miss,2026-09-23T13:03:33.351133,8.467,0.079,8.546,8.558,793011
module.onnxruntime.transformers.models.sam2.benchmark_sam2.c,onnxruntime,False,cache_miss,2026-09-23T13:03:41.889918,9.607,0.071,9.678,9.663,954773
module.onnxruntime.transformers.models.sam2.c,onnxruntime,False,cache_miss,2026-09-23T13:03:51.569212,2.720,0.073,2.793,2.833,74513
module.onnxruntime.transformers.models.sam2.convert_to_onnx.c,onnxruntime,False,cache_miss,2026-09-23T13:03:54.356817,4.274,0.068,4.341,4.302,382613
module.onnxruntime.transformers.models.sam2.image_decoder.c,onnxruntime,False,cache_miss,2026-09-23T13:03:58.712115,5.414,0.082,5.495,5.492,492694
module.onnxruntime.transformers.models.sam2.image_encoder.c,onnxruntime,False,cache_miss,2026-09-23T13:04:04.206077,4.697,0.080,4.778,4.797,462066
module.onnxruntime.transformers.models.sam2.mask_decoder.c,onnxruntime,False,cache_miss,2026-09-23T13:04:08.963966,4.132,0.061,4.192,4.188,429223
module.onnxruntime.transformers.models.sam2.nvtx_helper.c,onnxruntime,False,cache_miss,2026-09-23T13:04:13.158791,2.852,0.063,2.915,2.940,133071
module.onnxruntime.transformers.models.sam2.prompt_encoder.c,onnxruntime,False,cache_miss,2026-09-23T13:04:16.075541,4.205,0.065,4.270,4.248,404195
module.onnxruntime.transformers.models.sam2.sam2_demo.c,onnxruntime,False,cache_miss,2026-09-23T13:04:20.346683,5.525,0.066,5.591,5.570,558251
module.onnxruntime.transformers.models.sam2.sam2_image_onnx_predictor.c,onnxruntime,False,cache_miss,2026-09-23T13:04:25.945356,4.853,0.074,4.926,4.950,481108
module.onnxruntime.transformers.models.sam2.sam2_utils.c,onnxruntime,False,cache_miss,2026-09-23T13:04:30.851016,3.206,0.053,3.259,3.265,286676
module.onnxruntime.transformers.models.stable_diffusion.benchmark.c,onnxruntime,False,cache_miss,2026-09-23T13:04:34.137137,16.251,0.080,16.331,16.320,1738281
module.onnxruntime.transformers.models.stable_diffusion.benchmark_controlnet.c,onnxruntime,False,cache_miss,2026-09-23T13:04:50.455473,6.338,0.067,6.405,6.390,608101
module.onnxruntime.transformers.models.stable_diffusion.c,onnxruntime,False,cache_miss,2026-09-23T13:04:56.859246,2.646,0.066,2.712,2.759,76217
module.onnxruntime.transformers.models.stable_diffusion.demo_txt2img.c,onnxruntime,False,cache_miss,2026-09-23T13:04:59.558781,2.980,0.053,3.033,3.029,166717
module.onnxruntime.transformers.models.stable_diffusion.demo_txt2img_xl.c,onnxruntime,False,cache_miss,2026-09-23T13:05:02.599101,5.553,0.061,5.614,5.579,503373
module.onnxruntime.transformers.models.stable_diffusion.demo_utils.c,onnxruntime,False,cache_miss,2026-09-23T13:05:08.237297,7.402,0.085,7.487,7.496,966914
module.onnxruntime.transformers.models.stable_diffusion.diffusion_models.c,onnxruntime,False,cache_miss,2026-09-23T13:05:15.730810,21.570,0.091,21.661,21.662,2483341
module.onnxruntime.transformers.models.stable_diffusion.diffusion_schedulers.c,onnxruntime,False,cache_miss,2026-09-23T13:05:37.385526,15.090,0.085,15.175,15.181,1758488
module.onnxruntime.transformers.models.stable_diffusion.engine_builder.c,onnxruntime,False,cache_miss,2026-09-23T13:05:52.544192,5.169,0.069,5.238,5.213,586227
module.onnxruntime.transformers.models.stable_diffusion.engine_builder_ort_cuda.c,onnxruntime,False,cache_miss,2026-09-23T13:05:57.788300,6.099,0.075,6.174,6.183,658937
module.onnxruntime.transformers.models.stable_diffusion.engine_builder_ort_trt.c,onnxruntime,False,cache_miss,2026-09-23T13:06:03.950094,5.453,0.063,5.516,5.512,550088
module.onnxruntime.transformers.models.stable_diffusion.engine_builder_tensorrt.c,onnxruntime,False,cache_miss,2026-09-23T13:06:09.489418,6.811,0.087,6.898,6.913,756973
module.onnxruntime.transformers.models.stable_diffusion.engine_builder_torch.c,onnxruntime,False,cache_miss,2026-09-23T13:06:16.370020,3.409,0.069,3.479,3.458,211848
module.onnxruntime.transformers.models.stable_diffusion.optimize_pipeline.c,onnxruntime,False,cache_miss,2026-09-23T13:06:19.845943,6.044,0.067,6.110,6.121,610115
module.onnxruntime.transformers.models.stable_diffusion.ort_optimizer.c,onnxruntime,False,cache_miss,2026-09-23T13:06:25.962636,3.568,0.073,3.640,3.625,271442
module.onnxruntime.transformers.models.stable_diffusion.pipeline_stable_diffusion.c,onnxruntime,False,cache_miss,2026-09-23T13:06:29.628505,12.988,0.098,13.086,13.072,1371824
module.onnxruntime.transformers.models.stable_diffusion.trt_utilities.c,onnxruntime,False,cache_miss,2026-09-23T13:06:42.684381,2.541,0.068,2.609,2.666,49181
module.onnxruntime.transformers.models.t5.c,onnxruntime,False,cache_miss,2026-09-23T13:06:45.278449,2.832,0.053,2.885,2.874,74229
module.onnxruntime.transformers.models.t5.convert_to_onnx.c,onnxruntime,False,cache_miss,2026-09-23T13:06:48.179123,5.980,0.069,6.049,6.014,395336
module.onnxruntime.transformers.models.t5.t5_decoder.c,onnxruntime,False,cache_miss,2026-09-23T13:06:54.249607,7.055,0.090,7.145,7.145,695442
module.onnxruntime.transformers.models.t5.t5_encoder.c,onnxruntime,False,cache_miss,2026-09-23T13:07:01.367211,3.745,0.062,3.808,3.822,189906
module.onnxruntime.transformers.models.t5.t5_encoder_decoder_init.c,onnxruntime,False,cache_miss,2026-09-23T13:07:05.197059,6.953,0.084,7.038,7.058,645908
module.onnxruntime.transformers.models.t5.t5_helper.c,onnxruntime,False,cache_miss,2026-09-23T13:07:12.217044,5.474,0.067,5.541,5.521,444854
module.onnxruntime.transformers.models.whisper.benchmark.c,onnxruntime,False,cache_miss,2026-09-23T13:07:17.798754,10.118,0.108,10.226,10.217,1066025
module.onnxruntime.transformers.models.whisper.benchmark_all.c,onnxruntime,False,cache_miss,2026-09-23T13:07:28.001610,7.362,0.085,7.447,7.490,683133
module.onnxruntime.transformers.models.whisper.c,onnxruntime,False,cache_miss,2026-09-23T13:07:35.423241,3.056,0.060,3.116,3.108,65110
module.onnxruntime.transformers.models.whisper.convert_to_onnx.c,onnxruntime,False,cache_miss,2026-09-23T13:07:38.546709,8.395,0.067,8.462,8.459,803877
module.onnxruntime.transformers.models.whisper.whisper_chain.c,onnxruntime,False,cache_miss,2026-09-23T13:07:47.012039,7.835,0.070,7.905,7.912,563739
module.onnxruntime.transformers.models.whisper.whisper_decoder.c,onnxruntime,False,cache_miss,2026-09-23T13:07:54.910482,8.468,0.064,8.532,8.524,857483
module.onnxruntime.transformers.models.whisper.whisper_encoder.c,onnxruntime,False,cache_miss,2026-09-23T13:08:03.430189,4.518,0.052,4.570,4.578,320594
module.onnxruntime.transformers.models.whisper.whisper_encoder_decoder_init.c,onnxruntime,False,cache_miss,2026-09-23T13:08:08.021658,6.958,0.073,7.031,7.018,720656
module.onnxruntime.transformers.models.whisper.whisper_helper.c,onnxruntime,False,cache_miss,2026-09-23T13:08:15.057241,9.683,0.078,9.762,9.764,861490
module.onnxruntime.transformers.models.whisper.whisper_inputs.c,onnxruntime,False,cache_miss,2026-09-23T13:08:24.800337,7.756,0.060,7.815,7.789,631127
module.onnxruntime.transformers.models.whisper.whisper_jump_times.c,onnxruntime,False,cache_miss,2026-09-23T13:08:32.652751,6.439,0.097,6.535,6.572,592929
module.onnxruntime.transformers.onnx_exporter.c,onnxruntime,False,cache_miss,2026-09-23T13:08:39.168512,9.608,0.077,9.685,9.677,1048082
module.onnxruntime.transformers.onnx_model.c,onnxruntime,False,cache_miss,2026-09-23T13:08:48.875296,27.449,0.099,27.548,27.542,2679329
module.onnxruntime.transformers.onnx_model_bart.c,onnxruntime,False,cache_miss,2026-09-23T13:09:16.374579,4.770,0.050,4.820,4.838,316787
module.onnxruntime.transformers.onnx_model_bert.c,onnxruntime,False,cache_miss,2026-09-23T13:09:21.218858,8.882,0.075,8.956,8.945,1057742
module.onnxruntime.transformers.onnx_model_bert_keras.c,onnxruntime,False,cache_miss,2026-09-23T13:09:30.163344,9.074,0.063,9.137,9.139,728748
module.onnxruntime.transformers.onnx_model_bert_tf.c,onnxruntime,False,cache_miss,2026-09-23T13:09:39.308620,13.011,0.072,13.082,13.046,840813
module.onnxruntime.transformers.onnx_model_clip.c,onnxruntime,False,cache_miss,2026-09-23T13:09:52.399636,3.547,0.080,3.627,3.644,136599
module.onnxruntime.transformers.onnx_model_conformer.c,onnxruntime,False,cache_miss,2026-09-23T13:09:56.026060,3.502,0.080,3.581,3.582,145624
module.onnxruntime.transformers.onnx_model_gpt2.c,onnxruntime,False,cache_miss,2026-09-23T13:09:59.597347,4.165,0.070,4.235,4.221,221685
module.onnxruntime.transformers.onnx_model_mmdit.c,onnxruntime,False,cache_miss,2026-09-23T13:10:03.838327,4.254,0.076,4.330,4.329,279825
module.onnxruntime.transformers.onnx_model_phi.c,onnxruntime,False,cache_miss,2026-09-23T13:10:08.216353,22.100,0.124,22.224,22.219,1786911
module.onnxruntime.transformers.onnx_model_sam2.c,onnxruntime,False,cache_miss,2026-09-23T13:10:30.384326,4.411,0.068,4.480,4.476,299992
module.onnxruntime.transformers.onnx_model_t5.c,onnxruntime,False,cache_miss,2026-09-23T13:10:34.896081,17.008,0.100,17.108,17.115,1164018
module.onnxruntime.transformers.onnx_model_tnlr.c,onnxruntime,False,cache_miss,2026-09-23T13:10:51.987703,6.056,0.084,6.140,6.147,387270
module.onnxruntime.transformers.onnx_model_unet.c,onnxruntime,False,cache_miss,2026-09-23T13:10:58.128574,6.002,0.084,6.087,6.084,492202
module.onnxruntime.transformers.onnx_model_vae.c,onnxruntime,False,cache_miss,2026-09-23T13:11:04.203311,3.595,0.073,3.667,3.661,151413
module.onnxruntime.transformers.onnx_utils.c,onnxruntime,False,cache_miss,2026-09-23T13:11:07.874308,3.514,0.076,3.591,3.603,122193
module.onnxruntime.transformers.optimizer.c,onnxruntime,False,cache_miss,2026-09-23T13:11:11.455545,6.614,0.067,6.681,6.682,652783
module.onnxruntime.transformers.past_helper.c,onnxruntime,False,cache_miss,2026-09-23T13:11:18.138810,4.807,0.069,4.876,4.863,273907
module.onnxruntime.transformers.profile_result_processor.c,onnxruntime,False,cache_miss,2026-09-23T13:11:23.016065,7.826,0.070,7.897,7.894,560820
module.onnxruntime.transformers.profiler.c,onnxruntime,False,cache_miss,2026-09-23T13:11:30.925711,6.276,0.083,6.359,6.371,430759
module.onnxruntime.transformers.quantize_helper.c,onnxruntime,False,cache_miss,2026-09-23T13:11:37.283697,4.029,0.082,4.111,4.108,212479
module.onnxruntime.transformers.shape_infer_helper.c,onnxruntime,False,cache_miss,2026-09-23T13:11:41.400295,4.280,0.087,4.367,4.376,263280
module.onnxruntime.transformers.shape_optimizer.c,onnxruntime,False,cache_miss,2026-09-23T13:11:45.782991,9.591,0.102,9.693,9.686,775661
module.onnxruntime.transformers.torch_onnx_export_helper.c,onnxruntime,False,cache_miss,2026-09-23T13:11:55.450271,3.445,0.076,3.521,3.520,110489
module.pyclipper._version.c,pyclipper,False,cache_miss,2026-09-23T13:11:58.968611,2.862,0.073,2.935,2.960,47369
module.pyclipper.c,pyclipper,False,cache_miss,2026-09-23T13:12:01.904231,2.968,0.074,3.042,3.044,44832
module.pydantic._internal._config.c,pydantic,False,cache_miss,2026-09-23T13:12:04.966138,6.731,0.094,6.826,6.789,608141
module.pydantic._internal._core_metadata.c,pydantic,False,cache_miss,2026-09-23T13:12:11.789698,3.543,0.092,3.635,3.655,134533
module.pydantic._internal._core_utils.c,pydantic,False,cache_miss,2026-09-23T13:12:15.405351,4.690,0.073,4.762,4.764,335356
module.pydantic._internal._dataclasses.c,pydantic,False,cache_miss,2026-09-23T13:12:20.180372,5.516,0.086,5.601,5.602,420441
module.pydantic._internal._decorators.c,pydantic,False,cache_miss,2026-09-23T13:12:25.808194,14.201,0.112,14.313,14.276,1347246
module.pydantic._internal._discriminated_union.c,pydantic,False,cache_miss,2026-09-23T13:12:40.103152,7.765,0.094,7.859,7.884,647638
module.pydantic._internal._docs_extraction.c,pydantic,False,cache_miss,2026-09-23T13:12:47.938519,4.321,0.071,4.392,4.391,244170
module.pydantic._internal._fields.c,pydantic,False,cache_miss,2026-09-23T13:12:52.361108,12.717,0.101,12.819,12.816,1054012
module.pydantic._internal._forward_ref.c,pydantic,False,cache_miss,2026-09-23T13:13:05.148872,3.242,0.070,3.312,3.314,74980
module.pydantic._internal._generate_schema.c,pydantic,False,cache_miss,2026-09-23T13:13:08.601695,53.965,0.211,54.176,54.166,5109918
module.pydantic._internal._generics.c,pydantic,False,cache_miss,2026-09-23T13:14:02.659161,9.371,0.093,9.463,9.467,882875
module.pydantic._internal._git.c,pydantic,False,cache_miss,2026-09-23T13:14:12.108984,3.165,0.079,3.245,3.257,75170
module.pydantic._internal._import_utils.c,pydantic,False,cache_miss,2026-09-23T13:14:15.345586,2.958,0.071,3.029,3.055,54578
module.pydantic._internal._internal_dataclass.c,pydantic,False,cache_miss,2026-09-23T13:14:18.371798,2.889,0.068,2.957,2.961,26918
module.pydantic._internal._known_annotated_metadata.c,pydantic,False,cache_miss,2026-09-23T13:14:21.352036,7.454,0.091,7.546,6.884,661297
module.pydantic._internal._mock_val_ser.c,pydantic,False,cache_miss,2026-09-23T13:14:28.900212,6.139,0.094,6.233,6.852,493985
module.pydantic._internal._model_construction.c,pydantic,False,cache_miss,2026-09-23T13:14:35.142078,14.705,0.103,14.808,14.820,1445120
module.pydantic._internal._namespace_utils.c,pydantic,False,cache_miss,2026-09-23T13:14:49.923609,4.996,0.076,5.073,5.065,354709
module.pydantic._internal._repr.c,pydantic,False,cache_miss,2026-09-23T13:14:55.004221,5.410,0.084,5.494,5.502,369863
module.pydantic._internal._schema_gather.c,pydantic,False,cache_miss,2026-09-23T13:15:00.486510,6.026,0.073,6.098,6.105,386109
module.pydantic._internal._schema_generation_shared.c,pydantic,False,cache_miss,2026-09-23T13:15:06.585866,4.175,0.074,4.249,4.238,234132
module.pydantic._internal._serializers.c,pydantic,False,cache_miss,2026-09-23T13:15:10.830254,3.760,0.069,3.829,3.839,99551
module.pydantic._internal._signature.c,pydantic,False,cache_miss,2026-09-23T13:15:14.660691,4.516,0.071,4.587,4.573,267925
module.pydantic._internal._typing_extra.c,pydantic,False,cache_miss,2026-09-23T13:15:19.258810,7.977,0.082,8.059,8.057,678903
module.pydantic._internal._utils.c,pydantic,False,cache_miss,2026-09-23T13:15:27.327342,9.209,0.091,9.300,9.312,811426
module.pydantic._internal._validate_call.c,pydantic,False,cache_miss,2026-09-23T13:15:36.621819,4.296,0.085,4.382,4.389,289657
module.pydantic._internal._validators.c,pydantic,False,cache_miss,2026-09-23T13:15:41.002663,8.747,0.085,8.831,8.819,947580
module.pydantic._internal.c,pydantic,False,cache_miss,2026-09-23T13:15:49.816550,3.075,0.067,3.143,3.149,37094
module.pydantic._migration.c,pydantic,False,cache_miss,2026-09-23T13:15:52.968379,3.560,0.076,3.637,3.632,153797
module.pydantic.alias_generators.c,pydantic,False,cache_miss,2026-09-23T13:15:56.605454,3.478,0.077,3.555,3.554,145143
module.pydantic.aliases.c,pydantic,False,cache_miss,2026-09-23T13:16:00.149707,4.060,0.066,4.126,4.133,214956
module.pydantic.annotated_handlers.c,pydantic,False,cache_miss,2026-09-23T13:16:04.276105,3.421,0.066,3.487,3.483,124858
module.pydantic.c,pydantic,False,cache_miss,2026-09-23T13:16:07.780175,4.918,0.083,5.001,4.996,383386
module.pydantic.class_validators.c,pydantic,False,cache_miss,2026-09-23T13:16:12.762875,3.086,0.065,3.151,3.164,32929
module.pydantic.color.c,pydantic,False,cache_miss,2026-09-23T13:16:15.927408,10.942,0.078,11.020,11.002,959241
module.pydantic.config.c,pydantic,False,cache_miss,2026-09-23T13:16:26.943423,4.186,0.074,4.260,4.263,319742
module.pydantic.dataclasses.c,pydantic,False,cache_miss,2026-09-23T13:16:31.216007,5.773,0.087,5.859,5.867,466351
module.pydantic.datetime_parse.c,pydantic,False,cache_miss,2026-09-23T13:16:37.052462,2.892,0.064,2.956,2.973,32767
module.pydantic.deprecated.c,pydantic,False,cache_miss,2026-09-23T13:16:40.016869,2.939,0.072,3.011,3.033,37188
module.pydantic.deprecated.copy_internals.c,pydantic,False,cache_miss,2026-09-23T13:16:43.035015,5.466,0.079,5.545,5.502,373255
module.pydantic.deprecated.decorator.c,pydantic,False,cache_miss,2026-09-23T13:16:48.590089,8.885,0.089,8.973,8.977,693302
module.pydantic.deprecated.json.c,pydantic,False,cache_miss,2026-09-23T13:16:57.555087,4.685,0.080,4.766,4.765,366052
module.pydantic.deprecated.parse.c,pydantic,False,cache_miss,2026-09-23T13:17:02.318719,3.686,0.079,3.765,3.776,177274
module.pydantic.env_settings.c,pydantic,False,cache_miss,2026-09-23T13:17:06.074394,3.056,0.070,3.126,3.108,32605
module.pydantic.error_wrappers.c,pydantic,False,cache_miss,2026-09-23T13:17:09.216261,2.937,0.086,3.023,3.061,32767
module.pydantic.errors.c,pydantic,False,cache_miss,2026-09-23T13:17:12.236337,4.946,0.083,5.029,4.987,352461
module.pydantic.fields.c,pydantic,False,cache_miss,2026-09-23T13:17:17.305376,19.373,0.124,19.496,19.510,1800975
module.pydantic.functional_validators.c,pydantic,False,cache_miss,2026-09-23T13:17:36.780941,9.706,0.103,9.809,9.792,966129
module.pydantic.json.c,pydantic,False,cache_miss,2026-09-23T13:17:46.561126,3.086,0.074,3.160,3.176,31957
module.pydantic.json_schema.c,pydantic,False,cache_miss,2026-09-23T13:17:49.813965,34.271,0.167,34.438,34.424,3585179
module.pydantic.main.c,pydantic,False,cache_miss,2026-09-23T13:18:24.206243,20.873,0.121,20.994,20.993,2000255
module.pydantic.mypy.c,pydantic,False,cache_miss,2026-09-23T13:18:45.208493,25.537,0.129,25.667,25.677,2333611
module.pydantic.networks.c,pydantic,False,cache_miss,2026-09-23T13:19:10.860218,22.020,0.115,22.134,22.128,1840785
module.pydantic.parse.c,pydantic,False,cache_miss,2026-09-23T13:19:32.943732,3.519,0.064,3.583,3.592,32038
module.pydantic.plugin._loader.c,pydantic,False,cache_miss,2026-09-23T13:19:36.530326,4.130,0.067,4.197,4.196,108350
module.pydantic.plugin._schema_validator.c,pydantic,False,cache_miss,2026-09-23T13:19:40.730336,6.104,0.070,6.174,6.168,321424
module.pydantic.plugin.c,pydantic,False,cache_miss,2026-09-23T13:19:46.908446,5.078,0.074,5.152,5.157,281572
module.pydantic.root_model.c,pydantic,False,cache_miss,2026-09-23T13:19:52.056164,5.321,0.069,5.390,5.402,278896
module.pydantic.schema.c,pydantic,False,cache_miss,2026-09-23T13:19:57.434243,3.397,0.057,3.454,3.459,32119
module.pydantic.type_adapter.c,pydantic,False,cache_miss,2026-09-23T13:20:00.898585,6.784,0.067,6.851,6.857,660974
module.pydantic.types.c,pydantic,False,cache_miss,2026-09-23T13:20:07.785285,21.932,0.103,22.035,22.005,2637944
module.pydantic.typing.c,pydantic,False,cache_miss,2026-09-23T13:20:29.786173,3.205,0.069,3.274,3.312,32119
module.pydantic.utils.c,pydantic,False,cache_miss,2026-09-23T13:20:33.047691,3.204,0.056,3.260,3.233,32038
module.pydantic.v1.annotated_types.c,pydantic,False,cache_miss,2026-09-23T13:20:36.329128,4.248,0.078,4.326,4.326,165797
module.pydantic.v1.c,pydantic,False,cache_miss,2026-09-23T13:20:40.649228,3.277,0.072,3.348,3.329,102055
module.pydantic.v1.class_validators.c,pydantic,False,cache_miss,2026-09-23T13:20:44.029231,10.390,0.103,10.494,10.509,896558
module.pydantic.v1.color.c,pydantic,False,cache_miss,2026-09-23T13:20:54.516520,10.827,0.097,10.924,10.929,939902
module.pydantic.v1.config.c,pydantic,False,cache_miss,2026-09-23T13:21:05.433506,7.410,0.090,7.499,7.492,485483
module.pydantic.v1.dataclasses.c,pydantic,False,cache_miss,2026-09-23T13:21:12.938800,9.765,0.096,9.861,9.860,844185
module.pydantic.v1.datetime_parse.c,pydantic,False,cache_miss,2026-09-23T13:21:22.789600,5.546,0.086,5.632,5.634,420222
module.pydantic.v1.decorator.c,pydantic,False,cache_miss,2026-09-23T13:21:28.423791,9.128,0.088,9.216,9.216,712643
module.pydantic.v1.env_settings.c,pydantic,False,cache_miss,2026-09-23T13:21:37.650841,11.893,0.099,11.992,11.980,935755
module.pydantic.v1.error_wrappers.c,pydantic,False,cache_miss,2026-09-23T13:21:49.630100,5.888,0.086,5.975,5.988,482339
module.pydantic.v1.errors.c,pydantic,False,cache_miss,2026-09-23T13:21:55.680699,58.626,0.162,58.788,58.788,2941635
module.pydantic.v1.fields.c,pydantic,False,cache_miss,2026-09-23T13:22:54.431673,26.964,0.125,27.089,27.085,2307624
module.pydantic.v1.json.c,pydantic,False,cache_miss,2026-09-23T13:23:21.464202,4.218,0.069,4.287,4.295,330177
module.pydantic.v1.main.c,pydantic,False,cache_miss,2026-09-23T13:23:25.822322,27.595,0.140,27.735,27.718,2206351
module.pydantic.v1.networks.c,pydantic,False,cache_miss,2026-09-23T13:23:53.545763,22.086,0.129,22.215,22.219,1665834
module.pydantic.v1.parse.c,pydantic,False,cache_miss,2026-09-23T13:24:15.714384,3.666,0.082,3.749,3.769,169283
module.pydantic.v1.schema.c,pydantic,False,cache_miss,2026-09-23T13:24:19.499173,22.531,0.118,22.650,22.637,2036949
module.pydantic.v1.tools.c,pydantic,False,cache_miss,2026-09-23T13:24:42.113575,3.946,0.083,4.029,4.030,244180
module.pydantic.v1.types.c,pydantic,False,cache_miss,2026-09-23T13:24:46.215439,45.941,0.156,46.097,46.106,3068866
module.pydantic.v1.typing.c,pydantic,False,cache_miss,2026-09-23T13:25:32.259609,9.092,0.103,9.195,9.180,857006
module.pydantic.v1.utils.c,pydantic,False,cache_miss,2026-09-23T13:25:41.474489,18.213,0.123,18.336,18.339,1685318
module.pydantic.v1.validators.c,pydantic,False,cache_miss,2026-09-23T13:25:59.805682,14.885,0.118,15.003,15.002,1635197
module.pydantic.v1.version.c,pydantic,False,cache_miss,2026-09-23T13:26:14.768382,3.490,0.078,3.567,3.571,110564
module.pydantic.validate_call_decorator.c,pydantic,False,cache_miss,2026-09-23T13:26:18.346905,3.721,0.089,3.810,3.797,203105
module.pydantic.validators.c,pydantic,False,cache_miss,2026-09-23T13:26:22.135752,2.879,0.068,2.947,3.003,32443
module.pydantic.version.c,pydantic,False,cache_miss,2026-09-23T13:26:25.088239,3.740,0.073,3.814,3.773,176105
module.pydantic.warnings.c,pydantic,False,cache_miss,2026-09-23T13:26:28.914018,6.117,0.085,6.202,6.185,473091
module.pydantic_core.c,pydantic_core,False,cache_miss,2026-09-23T13:26:35.109930,3.744,0.079,3.824,3.834,228348
module.pydantic_core.core_schema.c,pydantic_core,False,cache_miss,2026-09-23T13:26:39.053697,86.563,0.199,86.763,86.763,4537617
module.pydantic_settings.c,pydantic_settings,False,cache_miss,2026-09-23T13:28:05.695689,2.965,0.079,3.044,3.085,93557
module.pydantic_settings.exceptions.c,pydantic_settings,False,cache_miss,2026-09-23T13:28:08.737618,3.096,0.077,3.173,3.132,48580
module.pydantic_settings.main.c,pydantic_settings,False,cache_miss,2026-09-23T13:28:11.944381,12.518,0.111,12.629,12.639,1059399
module.pydantic_settings.sources.base.c,pydantic_settings,False,cache_miss,2026-09-23T13:28:24.560356,11.780,0.098,11.878,11.867,1018815
module.pydantic_settings.sources.c,pydantic_settings,False,cache_miss,2026-09-23T13:28:36.417429,3.220,0.077,3.296,3.299,130983
module.pydantic_settings.sources.providers.aws.c,pydantic_settings,False,cache_miss,2026-09-23T13:28:39.711807,3.670,0.075,3.745,3.760,171748
module.pydantic_settings.sources.providers.azure.c,pydantic_settings,False,cache_miss,2026-09-23T13:28:43.459597,4.974,0.078,5.052,5.036,386607
module.pydantic_settings.sources.providers.c,pydantic_settings,False,cache_miss,2026-09-23T13:28:48.511931,3.113,0.079,3.192,3.180,97189
module.pydantic_settings.sources.providers.cli.c,pydantic_settings,False,cache_miss,2026-09-23T13:28:51.793879,36.497,0.169,36.666,36.670,3185676
module.pydantic_settings.sources.providers.dotenv.c,pydantic_settings,False,cache_miss,2026-09-23T13:29:28.383730,5.398,0.093,5.491,5.497,382638
module.pydantic_settings.sources.providers.env.c,pydantic_settings,False,cache_miss,2026-09-23T13:29:33.862980,7.523,0.081,7.605,7.608,578031
module.pydantic_settings.sources.providers.gcp.c,pydantic_settings,False,cache_miss,2026-09-23T13:29:41.478280,6.445,0.092,6.537,6.530,515727
module.pydantic_settings.sources.providers.json.c,pydantic_settings,False,cache_miss,2026-09-23T13:29:48.005101,3.547,0.082,3.629,3.635,155763
module.pydantic_settings.sources.providers.nested_secrets.c,pydantic_settings,False,cache_miss,2026-09-23T13:29:51.621777,5.912,0.070,5.982,5.985,461654
module.pydantic_settings.sources.providers.pyproject.c,pydantic_settings,False,cache_miss,2026-09-23T13:29:57.602484,3.513,0.068,3.582,3.571,134332
module.pydantic_settings.sources.providers.secrets.c,pydantic_settings,False,cache_miss,2026-09-23T13:30:01.181177,4.233,0.065,4.298,4.303,251652
module.pydantic_settings.sources.providers.toml.c,pydantic_settings,False,cache_miss,2026-09-23T13:30:05.488234,3.595,0.074,3.669,3.666,165790
module.pydantic_settings.sources.providers.yaml.c,pydantic_settings,False,cache_miss,2026-09-23T13:30:09.160756,4.088,0.078,4.166,4.172,235713
module.pydantic_settings.sources.types.c,pydantic_settings,False,cache_miss,2026-09-23T13:30:13.316736,3.733,0.068,3.801,3.806,222013
module.pydantic_settings.sources.utils.c,pydantic_settings,False,cache_miss,2026-09-23T13:30:17.154510,8.916,0.105,9.020,9.006,746607
module.pydantic_settings.utils.c,pydantic_settings,False,cache_miss,2026-09-23T13:30:26.148081,3.416,0.078,3.494,3.505,117568
module.pydantic_settings.version.c,pydantic_settings,False,cache_miss,2026-09-23T13:30:29.637994,2.885,0.074,2.959,2.989,25364
module.pypdf._cmap.c,pypdf,False,cache_miss,2026-09-23T13:30:32.602420,8.135,0.079,8.214,8.172,631287
module.pypdf._codecs._codecs.c,pypdf,False,cache_miss,2026-09-23T13:30:40.823938,5.750,0.087,5.837,5.831,427568
module.pypdf._codecs.adobe_glyphs.c,pypdf,False,cache_miss,2026-09-23T13:30:46.640959,3.036,0.067,3.103,3.137,48479
module.pypdf._codecs.c,pypdf,False,cache_miss,2026-09-23T13:30:49.754119,3.379,0.077,3.456,3.445,138076
module.pypdf._codecs.core_font_metrics.c,pypdf,False,cache_miss,2026-09-23T13:30:53.202461,3.302,0.070,3.372,3.369,135104
module.pypdf._codecs.pdfdoc.c,pypdf,False,cache_miss,2026-09-23T13:30:56.578624,2.836,0.074,2.910,2.945,25115
module.pypdf._codecs.std.c,pypdf,False,cache_miss,2026-09-23T13:30:59.480419,2.819,0.066,2.885,2.882,24884
module.pypdf._codecs.symbol.c,pypdf,False,cache_miss,2026-09-23T13:31:02.375133,2.861,0.076,2.937,2.948,25115
module.pypdf._codecs.zapfding.c,pypdf,False,cache_miss,2026-09-23T13:31:05.306806,2.848,0.070,2.918,2.910,25269
module.pypdf._crypt_providers._base.c,pypdf,False,cache_miss,2026-09-23T13:31:08.231120,3.127,0.076,3.204,3.148,69056
module.pypdf._crypt_providers._cryptography.c,pypdf,False,cache_miss,2026-09-23T13:31:11.438903,4.874,0.081,4.954,4.972,370291
module.pypdf._crypt_providers._fallback.c,pypdf,False,cache_miss,2026-09-23T13:31:16.395082,4.304,0.083,4.387,4.387,267701
module.pypdf._crypt_providers._pycryptodome.c,pypdf,False,cache_miss,2026-09-23T13:31:20.782724,4.389,0.084,4.472,4.467,306497
module.pypdf._crypt_providers.c,pypdf,False,cache_miss,2026-09-23T13:31:25.242460,3.150,0.071,3.221,3.205,88812
module.pypdf._doc_common.c,pypdf,False,cache_miss,2026-09-23T13:31:28.535278,32.642,0.143,32.785,32.797,2440160
module.pypdf._encryption.c,pypdf,False,cache_miss,2026-09-23T13:32:01.290575,16.614,0.113,16.727,16.722,1526768
module.pypdf._font.c,pypdf,False,cache_miss,2026-09-23T13:32:18.025127,14.157,0.120,14.277,14.272,1210928
module.pypdf._page.c,pypdf,False,cache_miss,2026-09-23T13:32:32.359819,49.509,0.178,49.687,49.685,3767682
module.pypdf._page_labels.c,pypdf,False,cache_miss,2026-09-23T13:33:21.952753,5.237,0.084,5.321,5.340,387264
module.pypdf._protocols.c,pypdf,False,cache_miss,2026-09-23T13:33:27.266211,5.184,0.076,5.261,5.258,320195
module.pypdf._reader.c,pypdf,False,cache_miss,2026-09-23T13:33:32.591035,28.695,0.141,28.835,28.838,2404795
module.pypdf._text_extraction._layout_mode._fixed_width_page.c,pypdf,False,cache_miss,2026-09-23T13:34:01.390233,10.742,0.104,10.847,10.828,814030
module.pypdf._text_extraction._layout_mode._text_state_manager.c,pypdf,False,cache_miss,2026-09-23T13:34:12.219908,5.031,0.088,5.119,5.140,411699
module.pypdf._text_extraction._layout_mode._text_state_params.c,pypdf,False,cache_miss,2026-09-23T13:34:17.341415,4.800,0.090,4.890,4.875,362378
module.pypdf._text_extraction._layout_mode.c,pypdf,False,cache_miss,2026-09-23T13:34:22.211037,2.965,0.070,3.035,3.088,57576
module.pypdf._text_extraction._text_extractor.c,pypdf,False,cache_miss,2026-09-23T13:34:25.256953,8.153,0.081,8.234,8.195,670843
module.pypdf._text_extraction.c,pypdf,False,cache_miss,2026-09-23T13:34:33.502680,5.968,0.093,6.061,6.068,445193
module.pypdf._utils.c,pypdf,False,cache_miss,2026-09-23T13:34:39.566357,9.921,0.096,10.016,9.994,929885
module.pypdf._version.c,pypdf,False,cache_miss,2026-09-23T13:34:49.568032,2.878,0.081,2.959,3.002,24652
module.pypdf._writer.c,pypdf,False,cache_miss,2026-09-23T13:34:52.666101,67.990,0.220,68.210,68.173,4961387
module.pypdf.annotations._base.c,pypdf,False,cache_miss,2026-09-23T13:36:00.748062,3.470,0.092,3.562,3.578,129453
module.pypdf.annotations._markup_annotations.c,pypdf,False,cache_miss,2026-09-23T13:36:04.324222,11.611,0.106,11.717,11.707,878232
module.pypdf.annotations._non_markup_annotations.c,pypdf,False,cache_miss,2026-09-23T13:36:16.018600,4.513,0.084,4.597,4.591,299954
module.pypdf.annotations.c,pypdf,False,cache_miss,2026-09-23T13:36:20.614498,2.943,0.083,3.026,3.076,65823
module.pypdf.c,pypdf,False,cache_miss,2026-09-23T13:36:23.634477,3.121,0.077,3.197,3.137,99717
module.pypdf.constants.c,pypdf,False,cache_miss,2026-09-23T13:36:26.860099,9.933,0.105,10.037,10.059,1176000
module.pypdf.errors.c,pypdf,False,cache_miss,2026-09-23T13:36:36.868334,4.554,0.076,4.630,4.628,336366
module.pypdf.filters.c,pypdf,False,cache_miss,2026-09-23T13:36:41.530107,13.942,0.108,14.050,14.052,1304596
module.pypdf.generic._appearance_stream.c,pypdf,False,cache_miss,2026-09-23T13:36:55.580246,12.334,0.108,12.442,12.444,959148
module.pypdf.generic._base.c,pypdf,False,cache_miss,2026-09-23T13:37:08.032529,23.657,0.118,23.775,23.776,1849930
module.pypdf.generic._data_structures.c,pypdf,False,cache_miss,2026-09-23T13:37:31.856862,40.627,0.167,40.794,40.790,3324667
module.pypdf.generic._files.c,pypdf,False,cache_miss,2026-09-23T13:38:12.562525,8.916,0.078,8.994,8.999,785431
module.pypdf.generic._fit.c,pypdf,False,cache_miss,2026-09-23T13:38:21.552077,3.957,0.074,4.031,4.022,216568
module.pypdf.generic._image_inline.c,pypdf,False,cache_miss,2026-09-23T13:38:25.582555,5.360,0.073,5.434,5.421,396545
module.pypdf.generic._image_xobject.c,pypdf,False,cache_miss,2026-09-23T13:38:31.043248,12.866,0.100,12.966,12.996,1087065
module.pypdf.generic._link.c,pypdf,False,cache_miss,2026-09-23T13:38:43.989286,4.419,0.080,4.499,4.486,296239
module.pypdf.generic._outline.c,pypdf,False,cache_miss,2026-09-23T13:38:48.483377,3.575,0.075,3.651,3.645,126815
module.pypdf.generic._rectangle.c,pypdf,False,cache_miss,2026-09-23T13:38:52.137762,6.439,0.079,6.518,6.509,447215
module.pypdf.generic._utils.c,pypdf,False,cache_miss,2026-09-23T13:38:58.664672,4.422,0.088,4.510,4.518,321799
module.pypdf.generic._viewerpref.c,pypdf,False,cache_miss,2026-09-23T13:39:03.171530,5.653,0.085,5.738,5.747,494367
module.pypdf.generic.c,pypdf,False,cache_miss,2026-09-23T13:39:08.902687,2.998,0.079,3.076,3.107,120572
module.pypdf.pagerange.c,pypdf,False,cache_miss,2026-09-23T13:39:11.973254,4.179,0.073,4.252,4.212,291349
module.pypdf.papersizes.c,pypdf,False,cache_miss,2026-09-23T13:39:16.230108,3.177,0.078,3.255,3.261,106882
module.pypdf.types.c,pypdf,False,cache_miss,2026-09-23T13:39:19.493634,2.946,0.086,3.032,3.065,111098
module.pypdf.xmp.c,pypdf,False,cache_miss,2026-09-23T13:39:22.546866,26.299,0.107,26.406,26.363,1913140
module.python_multipart.c,python_multipart,False,cache_miss,2026-09-23T13:39:48.915830,2.811,0.070,2.880,2.925,46744
module.python_multipart.decoders.c,python_multipart,False,cache_miss,2026-09-23T13:39:51.808904,3.794,0.082,3.876,3.850,212188
module.python_multipart.exceptions.c,python_multipart,False,cache_miss,2026-09-23T13:39:55.668501,3.511,0.066,3.577,3.573,179293
module.python_multipart.multipart.c,python_multipart,False,cache_miss,2026-09-23T13:39:59.320285,21.085,0.141,21.226,21.209,2130228
module.pythoncom.c,pythoncom,False,cache_miss,2026-09-23T13:40:20.475943,2.889,0.071,2.960,3.014,57484
module.pywin.c,pywin,False,cache_miss,2026-09-23T13:40:23.431466,2.828,0.067,2.894,2.891,32724
module.pywin.dialogs.c,pywin,False,cache_miss,2026-09-23T13:40:26.328924,2.813,0.070,2.883,2.872,36651
module.pywin.dialogs.list.c,pywin,False,cache_miss,2026-09-23T13:40:29.231059,5.852,0.089,5.941,5.910,402287
module.pywin.dialogs.status.c,pywin,False,cache_miss,2026-09-23T13:40:35.164779,6.764,0.082,6.846,6.858,590372
module.pywin.mfc.c,pywin,False,cache_miss,2026-09-23T13:40:41.987979,2.902,0.059,2.961,2.996,36275
module.pywin.mfc.dialog.c,pywin,False,cache_miss,2026-09-23T13:40:44.969059,7.021,0.079,7.100,7.058,620090
module.pywin.mfc.object.c,pywin,False,cache_miss,2026-09-23T13:40:52.072433,3.921,0.083,4.003,4.005,184459
module.pywin.mfc.thread.c,pywin,False,cache_miss,2026-09-23T13:40:56.075900,3.356,0.083,3.439,3.439,115473
module.pywin.mfc.window.c,pywin,False,cache_miss,2026-09-23T13:40:59.519185,3.811,0.087,3.897,3.896,200129
module.pywin32_system32.c,pywin32_system32,False,cache_miss,2026-09-23T13:41:03.406862,2.814,0.077,2.891,2.942,22847
module.pywintypes.c,pywintypes,False,cache_miss,2026-09-23T13:41:06.300418,3.580,0.079,3.660,3.602,124506
module.pywt._c99_config.c,pywt,False,cache_miss,2026-09-23T13:41:09.958560,2.840,0.078,2.918,2.956,24142
module.pywt._cwt.c,pywt,False,cache_miss,2026-09-23T13:41:12.878897,5.086,0.080,5.166,5.152,269805
module.pywt._dwt.c,pywt,False,cache_miss,2026-09-23T13:41:18.057130,6.425,0.092,6.518,6.487,522130
module.pywt._extensions.c,pywt,False,cache_miss,2026-09-23T13:41:24.560131,2.937,0.078,3.014,3.061,28161
module.pywt._functions.c,pywt,False,cache_miss,2026-09-23T13:41:27.594984,4.482,0.098,4.580,4.546,304489
module.pywt._mra.c,pywt,False,cache_miss,2026-09-23T13:41:32.156537,6.969,0.079,7.048,7.053,435799
module.pywt._multidim.c,pywt,False,cache_miss,2026-09-23T13:41:39.205365,7.263,0.080,7.343,7.336,469217
module.pywt._multilevel.c,pywt,False,cache_miss,2026-09-23T13:41:46.591956,21.548,0.124,21.672,21.666,1688600
module.pywt._pytesttester.c,pywt,False,cache_miss,2026-09-23T13:42:08.208581,2.889,0.068,2.958,3.013,34348
module.pywt._swt.c,pywt,False,cache_miss,2026-09-23T13:42:11.207868,17.983,0.110,18.093,18.049,1088228
module.pywt._thresholding.c,pywt,False,cache_miss,2026-09-23T13:42:29.265226,4.182,0.075,4.257,4.263,238489
module.pywt._utils.c,pywt,False,cache_miss,2026-09-23T13:42:33.539977,3.460,0.092,3.553,3.540,140151
module.pywt._wavelet_packets.c,pywt,False,cache_miss,2026-09-23T13:42:37.110309,18.088,0.110,18.198,18.201,1559386
module.pywt.c,pywt,False,cache_miss,2026-09-23T13:42:55.284480,3.213,0.086,3.299,3.305,79390
module.pywt.data._readers.c,pywt,False,cache_miss,2026-09-23T13:42:58.582667,3.940,0.085,4.025,4.036,190451
module.pywt.data._wavelab_signals.c,pywt,False,cache_miss,2026-09-23T13:43:02.615221,14.930,0.092,15.023,15.005,603798
module.pywt.data.c,pywt,False,cache_miss,2026-09-23T13:43:17.620386,3.011,0.075,3.086,3.122,49115
module.pywt.version.c,pywt,False,cache_miss,2026-09-23T13:43:20.705707,2.896,0.074,2.970,2.973,30662
module.rapidocr_onnxruntime.c,rapidocr_onnxruntime,False,cache_miss,2026-09-23T13:43:23.670888,2.938,0.069,3.006,3.010,41437
module.rapidocr_onnxruntime.cal_rec_boxes.c,rapidocr_onnxruntime,False,cache_miss,2026-09-23T13:43:26.674137,2.935,0.066,3.001,2.997,41776
module.rapidocr_onnxruntime.cal_rec_boxes.main.c,rapidocr_onnxruntime,False,cache_miss,2026-09-23T13:43:29.699450,10.250,0.090,10.340,10.313,680627
module.rapidocr_onnxruntime.ch_ppocr_cls.c,rapidocr_onnxruntime,False,cache_miss,2026-09-23T13:43:40.031250,2.962,0.082,3.044,3.066,41774
module.rapidocr_onnxruntime.ch_ppocr_cls.text_cls.c,rapidocr_onnxruntime,False,cache_miss,2026-09-23T13:43:43.082955,5.779,0.090,5.869,5.845,269333
module.rapidocr_onnxruntime.ch_ppocr_cls.utils.c,rapidocr_onnxruntime,False,cache_miss,2026-09-23T13:43:48.931113,4.089,0.069,4.158,4.158,91827
module.rapidocr_onnxruntime.ch_ppocr_det.c,rapidocr_onnxruntime,False,cache_miss,2026-09-23T13:43:53.088481,3.146,0.068,3.215,3.208,41761
module.rapidocr_onnxruntime.ch_ppocr_det.text_detect.c,rapidocr_onnxruntime,False,cache_miss,2026-09-23T13:43:56.322355,4.539,0.087,4.626,4.635,296257
module.rapidocr_onnxruntime.ch_ppocr_det.utils.c,rapidocr_onnxruntime,False,cache_miss,2026-09-23T13:44:00.933610,8.680,0.073,8.753,8.752,622048
module.rapidocr_onnxruntime.ch_ppocr_rec.c,rapidocr_onnxruntime,False,cache_miss,2026-09-23T13:44:09.687023,3.008,0.073,3.081,3.100,41828
module.rapidocr_onnxruntime.ch_ppocr_rec.text_recognize.c,rapidocr_onnxruntime,False,cache_miss,2026-09-23T13:44:12.773047,5.224,0.078,5.301,5.288,284749
module.rapidocr_onnxruntime.ch_ppocr_rec.utils.c,rapidocr_onnxruntime,False,cache_miss,2026-09-23T13:44:18.085004,5.822,0.088,5.910,5.895,367332
module.rapidocr_onnxruntime.main.c,rapidocr_onnxruntime,False,cache_miss,2026-09-23T13:44:24.003397,10.910,0.097,11.007,11.009,875408
module.rapidocr_onnxruntime.utils.c,rapidocr_onnxruntime,False,cache_miss,2026-09-23T13:44:34.971682,3.394,0.058,3.453,3.457,118670
module.rapidocr_onnxruntime.utils.infer_engine.c,rapidocr_onnxruntime,False,cache_miss,2026-09-23T13:44:38.455170,5.738,0.089,5.828,5.811,493285
module.rapidocr_onnxruntime.utils.load_image.c,rapidocr_onnxruntime,False,cache_miss,2026-09-23T13:44:44.286251,4.455,0.093,4.548,4.569,315850
module.rapidocr_onnxruntime.utils.logger.c,rapidocr_onnxruntime,False,cache_miss,2026-09-23T13:44:48.820558,3.096,0.079,3.175,3.178,59388
module.rapidocr_onnxruntime.utils.parse_parameters.c,rapidocr_onnxruntime,False,cache_miss,2026-09-23T13:44:51.991780,5.094,0.075,5.169,5.158,400630
module.rapidocr_onnxruntime.utils.process_img.c,rapidocr_onnxruntime,False,cache_miss,2026-09-23T13:44:57.165151,3.895,0.079,3.974,3.967,182503
module.rapidocr_onnxruntime.utils.vis_res.c,rapidocr_onnxruntime,False,cache_miss,2026-09-23T13:45:01.139306,6.139,0.080,6.218,6.233,404848
module.reclaim.ai._optional.c,reclaim,False,cache_miss,2026-09-23T13:45:07.354585,3.737,0.077,3.814,3.813,168398
module.reclaim.ai.c,reclaim,False,cache_miss,2026-09-23T13:45:11.169779,2.993,0.078,3.071,3.102,37200
module.reclaim.ai.category_explainer.c,reclaim,False,cache_miss,2026-09-23T13:45:14.251963,5.418,0.089,5.507,5.471,474858
module.reclaim.ai.clutter_ranker.c,reclaim,False,cache_miss,2026-09-23T13:45:19.752427,4.666,0.082,4.748,4.754,325112
module.reclaim.ai.content_tagger.c,reclaim,False,cache_miss,2026-09-23T13:45:24.502229,5.054,0.084,5.138,5.132,381752
module.reclaim.ai.document_keep_best.c,reclaim,False,cache_miss,2026-09-23T13:45:29.630459,3.099,0.074,3.173,3.170,55480
module.reclaim.ai.document_similarity.c,reclaim,False,cache_miss,2026-09-23T13:45:32.814059,5.901,0.084,5.985,5.986,336833
module.reclaim.ai.document_text.c,reclaim,False,cache_miss,2026-09-23T13:45:38.782862,3.593,0.068,3.661,3.665,151731
module.reclaim.ai.eval_harness.c,reclaim,False,cache_miss,2026-09-23T13:45:42.473231,14.123,0.097,14.220,14.222,1208157
module.reclaim.ai.feedback_store.c,reclaim,False,cache_miss,2026-09-23T13:45:56.675587,6.840,0.079,6.919,6.927,466015
module.reclaim.ai.image_embeddings.c,reclaim,False,cache_miss,2026-09-23T13:46:03.595047,5.662,0.079,5.742,5.739,434443
module.reclaim.ai.image_similarity.c,reclaim,False,cache_miss,2026-09-23T13:46:09.332134,4.319,0.075,4.394,4.399,217138
module.reclaim.ai.keep_best.c,reclaim,False,cache_miss,2026-09-23T13:46:13.734285,3.603,0.084,3.687,3.680,153593
module.reclaim.ai.labeling.c,reclaim,False,cache_miss,2026-09-23T13:46:17.420608,8.533,0.083,8.616,8.612,646244
module.reclaim.ai.labeling_app.c,reclaim,False,cache_miss,2026-09-23T13:46:26.044811,6.394,0.091,6.486,6.484,546543
module.reclaim.ai.minhash_lsh.c,reclaim,False,cache_miss,2026-09-23T13:46:32.513747,4.615,0.075,4.689,4.699,301631
module.reclaim.ai.models.c,reclaim,False,cache_miss,2026-09-23T13:46:37.200363,3.786,0.072,3.859,3.861,190356
module.reclaim.ai.phash.c,reclaim,False,cache_miss,2026-09-23T13:46:41.074105,4.439,0.087,4.526,4.521,242253
module.reclaim.ai.presentation.c,reclaim,False,cache_miss,2026-09-23T13:46:45.588891,5.115,0.076,5.190,5.188,376842
module.reclaim.ai.review_queue.c,reclaim,False,cache_miss,2026-09-23T13:46:50.779104,3.432,0.076,3.508,3.501,101232
module.reclaim.ai.safety.c,reclaim,False,cache_miss,2026-09-23T13:46:54.280729,3.228,0.070,3.298,3.299,76035
module.reclaim.ai.screenshot_burst.c,reclaim,False,cache_miss,2026-09-23T13:46:57.590028,4.685,0.081,4.766,4.766,307823
module.reclaim.ai.screenshot_ocr.c,reclaim,False,cache_miss,2026-09-23T13:47:02.344361,3.440,0.070,3.510,3.514,96929
module.reclaim.ai.screenshot_review.c,reclaim,False,cache_miss,2026-09-23T13:47:05.863590,4.770,0.079,4.849,4.851,291174
module.reclaim.ai.semantic_image_grouping.c,reclaim,False,cache_miss,2026-09-23T13:47:10.704125,5.799,0.071,5.870,5.864,378530
module.reclaim.ai.text_embeddings.c,reclaim,False,cache_miss,2026-09-23T13:47:16.585612,3.935,0.083,4.018,4.028,233571
module.reclaim.ai.version_chain.c,reclaim,False,cache_miss,2026-09-23T13:47:20.608629,4.348,0.088,4.436,4.430,243621
module.reclaim.anthropic_key_store.c,reclaim,False,cache_miss,2026-09-23T13:47:25.035406,4.327,0.079,4.406,4.391,286826
module.reclaim.api.ai_orchestration.c,reclaim,False,cache_miss,2026-09-23T13:47:29.464563,9.146,0.102,9.248,9.262,820587
module.reclaim.api.app.c,reclaim,False,cache_miss,2026-09-23T13:47:38.698459,4.132,0.088,4.220,4.222,355758
module.reclaim.api.c,reclaim,False,cache_miss,2026-09-23T13:47:42.901285,2.960,0.071,3.031,3.070,37295
module.reclaim.api.routes.c,reclaim,False,cache_miss,2026-09-23T13:47:45.972992,13.630,0.112,13.742,13.708,1407966
module.reclaim.api.schemas.c,reclaim,False,cache_miss,2026-09-23T13:47:59.717195,37.114,0.114,37.228,37.225,2002657
module.reclaim.api.security.c,reclaim,False,cache_miss,2026-09-23T13:48:36.906235,3.741,0.075,3.816,3.810,179592
module.reclaim.api.service.c,reclaim,False,cache_miss,2026-09-23T13:48:40.814273,43.096,0.167,43.263,43.257,3718783
module.reclaim.api.state.c,reclaim,False,cache_miss,2026-09-23T13:49:23.991102,5.053,0.081,5.133,5.141,478684
module.reclaim.app_paths.c,reclaim,False,cache_miss,2026-09-23T13:49:29.119488,3.143,0.076,3.218,3.220,61948
module.reclaim.c,reclaim,False,cache_miss,2026-09-23T13:49:32.335052,2.926,0.073,2.999,3.034,32228
module.reclaim.cli.c,reclaim,False,cache_miss,2026-09-23T13:49:35.388021,19.360,0.127,19.487,19.453,1830084
module.reclaim.config.c,reclaim,False,cache_miss,2026-09-23T13:49:54.866166,17.085,0.118,17.203,17.199,1369147
module.reclaim.dedup.c,reclaim,False,cache_miss,2026-09-23T13:50:12.061247,10.687,0.110,10.797,10.825,1173256
module.reclaim.detectors.c,reclaim,False,cache_miss,2026-09-23T13:50:22.820911,12.722,0.073,12.795,12.748,1213804
module.reclaim.drives.c,reclaim,False,cache_miss,2026-09-23T13:50:35.623004,3.760,0.080,3.840,3.859,149301
module.reclaim.elevation.c,reclaim,False,cache_miss,2026-09-23T13:50:39.455408,3.427,0.072,3.500,3.510,92887
module.reclaim.executor.c,reclaim,False,cache_miss,2026-09-23T13:50:43.012408,26.422,0.130,26.552,26.541,2262603
module.reclaim.first_run.c,reclaim,False,cache_miss,2026-09-23T13:51:09.519961,3.292,0.085,3.377,3.392,80925
module.reclaim.index.c,reclaim,False,cache_miss,2026-09-23T13:51:12.904971,13.813,0.093,13.907,13.883,1251451
module.reclaim.linkinfo.c,reclaim,False,cache_miss,2026-09-23T13:51:26.793768,4.356,0.075,4.432,4.438,194722
module.reclaim.logging_config.c,reclaim,False,cache_miss,2026-09-23T13:51:31.216080,4.627,0.066,4.693,4.694,198270
module.reclaim.mcp.audit.c,reclaim,False,cache_miss,2026-09-23T13:51:35.938382,3.927,0.095,4.022,4.019,46551
module.reclaim.mcp.c,reclaim,False,cache_miss,2026-09-23T13:51:39.936314,3.445,0.071,3.516,3.508,37295
module.reclaim.mcp.schemas.c,reclaim,False,cache_miss,2026-09-23T13:51:43.465994,4.786,0.085,4.871,4.889,248533
module.reclaim.mcp.selection.c,reclaim,False,cache_miss,2026-09-23T13:51:48.316590,3.624,0.064,3.688,3.683,122828
module.reclaim.mcp.server.c,reclaim,False,cache_miss,2026-09-23T13:51:52.018300,7.590,0.078,7.668,7.671,606140
module.reclaim.mode.c,reclaim,False,cache_miss,2026-09-23T13:51:59.686049,4.421,0.077,4.498,4.498,280114
module.reclaim.models.c,reclaim,False,cache_miss,2026-09-23T13:52:04.190135,4.413,0.083,4.497,4.486,339678
module.reclaim.notifications.c,reclaim,False,cache_miss,2026-09-23T13:52:08.685130,5.021,0.082,5.102,5.116,411379
module.reclaim.preflight.c,reclaim,False,cache_miss,2026-09-23T13:52:13.808903,7.400,0.103,7.503,7.506,618333
module.reclaim.purge.c,reclaim,False,cache_miss,2026-09-23T13:52:21.291795,8.296,0.083,8.380,8.363,586802
module.reclaim.reconciliation.c,reclaim,False,cache_miss,2026-09-23T13:52:29.663079,3.588,0.075,3.663,3.673,160773
module.reclaim.recovery.c,reclaim,False,cache_miss,2026-09-23T13:52:33.337690,5.470,0.087,5.557,5.562,415983
module.reclaim.safety.c,reclaim,False,cache_miss,2026-09-23T13:52:38.901219,6.145,0.093,6.239,6.236,497058
module.reclaim.scanner.c,reclaim,False,cache_miss,2026-09-23T13:52:45.142982,14.792,0.096,14.888,14.865,1262933
module.reclaim.update_check.c,reclaim,False,cache_miss,2026-09-23T13:53:00.017936,4.893,0.083,4.976,4.993,368621
module.referencing._attrs.c,referencing,False,cache_miss,2026-09-23T13:53:04.981034,3.315,0.071,3.386,3.382,107043
module.referencing._core.c,referencing,False,cache_miss,2026-09-23T13:53:08.396782,13.889,0.100,13.989,13.989,1259000
module.referencing.c,referencing,False,cache_miss,2026-09-23T13:53:22.366774,2.976,0.081,3.057,3.096,41950
module.referencing.exceptions.c,referencing,False,cache_miss,2026-09-23T13:53:25.424984,5.452,0.082,5.535,5.504,408208
module.referencing.jsonschema.c,referencing,False,cache_miss,2026-09-23T13:53:30.974685,8.833,0.097,8.930,8.935,800341
module.referencing.typing.c,referencing,False,cache_miss,2026-09-23T13:53:39.894177,3.421,0.087,3.508,3.500,121793
module.rpds.c,rpds,False,cache_miss,2026-09-23T13:53:43.389589,3.014,0.074,3.088,3.110,42543
module.scipy.__config__.c,scipy,False,cache_miss,2026-09-23T13:53:46.474299,3.806,0.071,3.877,3.860,144671
module.scipy._distributor_init.c,scipy,False,cache_miss,2026-09-23T13:53:50.356146,2.969,0.076,3.045,3.086,30605
module.scipy._external._array_api_compat_vendor.c,scipy,False,cache_miss,2026-09-23T13:53:53.389957,2.891,0.065,2.956,2.950,34888
module.scipy._external.array_api_compat._internal.c,scipy,False,cache_miss,2026-09-23T13:53:56.358527,3.757,0.077,3.834,3.789,164897
module.scipy._external.array_api_compat.c,scipy,False,cache_miss,2026-09-23T13:54:00.182503,3.063,0.067,3.130,3.140,47374
module.scipy._external.array_api_compat.common._aliases.c,scipy,False,cache_miss,2026-09-23T13:54:03.344319,9.085,0.099,9.184,9.183,845727
module.scipy._external.array_api_compat.common._fft.c,scipy,False,cache_miss,2026-09-23T13:54:12.507388,4.326,0.078,4.404,4.405,277980
module.scipy._external.array_api_compat.common._helpers.c,scipy,False,cache_miss,2026-09-23T13:54:16.937533,9.433,0.104,9.537,9.539,986345
module.scipy._external.array_api_compat.common._linalg.c,scipy,False,cache_miss,2026-09-23T13:54:26.458011,6.375,0.087,6.462,6.457,532856
module.scipy._external.array_api_compat.common._typing.c,scipy,False,cache_miss,2026-09-23T13:54:32.914294,6.682,0.081,6.763,6.764,537555
module.scipy._external.array_api_compat.common.c,scipy,False,cache_miss,2026-09-23T13:54:39.669015,3.123,0.073,3.196,3.191,50555
module.scipy._external.array_api_compat.cupy._aliases.c,scipy,False,cache_miss,2026-09-23T13:54:42.876669,5.107,0.084,5.191,5.209,420595
module.scipy._external.array_api_compat.cupy._info.c,scipy,False,cache_miss,2026-09-23T13:54:48.053196,4.108,0.070,4.178,4.158,273251
module.scipy._external.array_api_compat.cupy._typing.c,scipy,False,cache_miss,2026-09-23T13:54:52.238259,2.924,0.077,3.001,3.035,40526
module.scipy._external.array_api_compat.cupy.c,scipy,False,cache_miss,2026-09-23T13:54:55.234294,3.684,0.072,3.756,3.755,116249
module.scipy._external.array_api_compat.cupy.fft.c,scipy,False,cache_miss,2026-09-23T13:54:58.974908,3.889,0.057,3.946,3.926,140325
module.scipy._external.array_api_compat.cupy.linalg.c,scipy,False,cache_miss,2026-09-23T13:55:02.932700,3.681,0.069,3.750,3.747,188804
module.scipy._external.array_api_compat.dask.array._aliases.c,scipy,False,cache_miss,2026-09-23T13:55:06.700430,5.792,0.086,5.878,5.874,511344
module.scipy._external.array_api_compat.dask.array._info.c,scipy,False,cache_miss,2026-09-23T13:55:12.563948,4.234,0.072,4.306,4.317,359441
module.scipy._external.array_api_compat.dask.array.c,scipy,False,cache_miss,2026-09-23T13:55:16.871017,3.260,0.073,3.333,3.343,124746
module.scipy._external.array_api_compat.dask.array.fft.c,scipy,False,cache_miss,2026-09-23T13:55:20.210292,3.121,0.079,3.200,3.180,71107
module.scipy._external.array_api_compat.dask.array.linalg.c,scipy,False,cache_miss,2026-09-23T13:55:23.399796,3.489,0.068,3.557,3.553,162738
module.scipy._external.array_api_compat.dask.c,scipy,False,cache_miss,2026-09-23T13:55:26.962006,3.099,0.073,3.172,3.169,48060
module.scipy._external.array_api_compat.numpy._aliases.c,scipy,False,cache_miss,2026-09-23T13:55:30.136147,4.459,0.075,4.533,4.549,357148
module.scipy._external.array_api_compat.numpy._info.c,scipy,False,cache_miss,2026-09-23T13:55:34.678141,4.024,0.083,4.107,4.096,274947
module.scipy._external.array_api_compat.numpy._typing.c,scipy,False,cache_miss,2026-09-23T13:55:38.777316,3.046,0.076,3.122,3.139,62823
module.scipy._external.array_api_compat.numpy.c,scipy,False,cache_miss,2026-09-23T13:55:41.896495,3.414,0.073,3.487,3.473,125439
module.scipy._external.array_api_compat.numpy.fft.c,scipy,False,cache_miss,2026-09-23T13:55:45.378688,3.381,0.068,3.449,3.453,111827
module.scipy._external.array_api_compat.numpy.linalg.c,scipy,False,cache_miss,2026-09-23T13:55:48.846217,5.355,0.086,5.442,5.438,378005
module.scipy._external.array_api_compat.torch._aliases.c,scipy,False,cache_miss,2026-09-23T13:55:54.323984,16.368,0.122,16.490,16.489,1586364
module.scipy._external.array_api_compat.torch._info.c,scipy,False,cache_miss,2026-09-23T13:56:10.770161,4.084,0.078,4.162,4.161,210465
module.scipy._external.array_api_compat.torch._typing.c,scipy,False,cache_miss,2026-09-23T13:56:14.928853,2.884,0.075,2.959,2.985,34384
module.scipy._external.array_api_compat.torch.c,scipy,False,cache_miss,2026-09-23T13:56:17.887480,3.239,0.075,3.313,3.291,117709
module.scipy._external.array_api_compat.torch.fft.c,scipy,False,cache_miss,2026-09-23T13:56:21.201304,3.449,0.075,3.524,3.524,131746
module.scipy._external.array_api_compat.torch.linalg.c,scipy,False,cache_miss,2026-09-23T13:56:24.732966,4.123,0.083,4.206,4.193,262007
module.scipy._external.array_api_extra._delegation.c,scipy,False,cache_miss,2026-09-23T13:56:28.947553,8.124,0.091,8.216,8.232,793033
module.scipy._external.array_api_extra._lib._at.c,scipy,False,cache_miss,2026-09-23T13:56:37.147607,5.702,0.076,5.777,5.748,441995
module.scipy._external.array_api_extra._lib._backends.c,scipy,False,cache_miss,2026-09-23T13:56:42.922175,3.725,0.073,3.798,3.829,185316
module.scipy._external.array_api_extra._lib._funcs.c,scipy,False,cache_miss,2026-09-23T13:56:46.745397,13.761,0.098,13.860,13.856,1177306
module.scipy._external.array_api_extra._lib._lazy.c,scipy,False,cache_miss,2026-09-23T13:57:00.583032,5.966,0.076,6.042,6.044,411517
module.scipy._external.array_api_extra._lib._testing.c,scipy,False,cache_miss,2026-09-23T13:57:06.633336,4.653,0.084,4.738,4.730,356607
module.scipy._external.array_api_extra._lib._utils._compat.c,scipy,False,cache_miss,2026-09-23T13:57:11.363482,3.069,0.077,3.145,3.154,87239
module.scipy._external.array_api_extra._lib._utils._helpers.c,scipy,False,cache_miss,2026-09-23T13:57:14.525283,8.543,0.093,8.636,8.631,786188
module.scipy._external.array_api_extra._lib._utils._typing.c,scipy,False,cache_miss,2026-09-23T13:57:23.146008,2.914,0.078,2.992,3.011,30164
module.scipy._external.array_api_extra._lib._utils.c,scipy,False,cache_miss,2026-09-23T13:57:26.132233,3.130,0.072,3.202,3.174,54074
module.scipy._external.array_api_extra._lib.c,scipy,False,cache_miss,2026-09-23T13:57:29.321883,3.077,0.059,3.137,3.152,48670
module.scipy._external.array_api_extra.c,scipy,False,cache_miss,2026-09-23T13:57:32.468152,3.065,0.069,3.134,3.112,87256
module.scipy._external.array_api_extra.testing.c,scipy,True,cache_miss,2026-09-23T13:57:35.628304,7.208,0.095,7.302,7.326,598640
module.scipy._external.c,scipy,False,cache_miss,2026-09-23T13:57:42.911660,2.995,0.076,3.071,3.081,28092
module.scipy._external.cobyqa.c,scipy,False,cache_miss,2026-09-23T13:57:45.989100,3.074,0.083,3.157,3.138,50183
module.scipy._external.cobyqa.framework.c,scipy,False,cache_miss,2026-09-23T13:57:49.162514,18.497,0.100,18.597,18.604,1391944
module.scipy._external.cobyqa.main.c,scipy,False,cache_miss,2026-09-23T13:58:07.780554,21.659,0.121,21.780,21.777,1421299
module.scipy._external.cobyqa.models.c,scipy,False,cache_miss,2026-09-23T13:58:29.551085,20.650,0.111,20.762,20.764,1641671
module.scipy._external.cobyqa.problem.c,scipy,False,cache_miss,2026-09-23T13:58:50.315239,18.790,0.114,18.904,18.884,1518946
module.scipy._external.cobyqa.settings.c,scipy,False,cache_miss,2026-09-23T13:59:09.186098,4.443,0.081,4.524,4.544,288851
module.scipy._external.cobyqa.subsolvers.c,scipy,False,cache_miss,2026-09-23T13:59:13.711657,3.262,0.083,3.345,3.348,62619
module.scipy._external.cobyqa.subsolvers.geometry.c,scipy,False,cache_miss,2026-09-23T13:59:17.055445,10.337,0.081,10.418,10.414,502129
module.scipy._external.cobyqa.subsolvers.optim.c,scipy,False,cache_miss,2026-09-23T13:59:27.500092,40.090,0.108,40.197,40.195,1782958
module.scipy._external.cobyqa.utils.c,scipy,False,cache_miss,2026-09-23T14:00:07.674257,3.098,0.085,3.183,3.185,66371
module.scipy._external.cobyqa.utils.exceptions.c,scipy,False,cache_miss,2026-09-23T14:00:10.840968,3.340,0.069,3.408,3.402,110627
module.scipy._external.cobyqa.utils.math.c,scipy,False,cache_miss,2026-09-23T14:00:14.240877,3.409,0.060,3.470,3.457,113067
module.scipy._external.cobyqa.utils.versions.c,scipy,False,cache_miss,2026-09-23T14:00:17.728836,3.740,0.079,3.819,3.822,146541
module.scipy._external.packaging_version._structures.c,scipy,False,cache_miss,2026-09-23T14:00:21.531926,3.350,0.063,3.412,3.424,149010
module.scipy._external.packaging_version.c,scipy,False,cache_miss,2026-09-23T14:00:24.964139,2.987,0.083,3.070,3.099,33363
module.scipy._external.packaging_version.version.c,scipy,False,cache_miss,2026-09-23T14:00:28.044755,8.229,0.093,8.322,8.316,835190
module.scipy._external.pyprima.c,scipy,False,cache_miss,2026-09-23T14:00:36.336576,5.845,0.063,5.907,5.883,404827
module.scipy._external.pyprima.cobyla.c,scipy,False,cache_miss,2026-09-23T14:00:42.250113,2.984,0.069,3.053,3.102,47427
module.scipy._external.pyprima.cobyla.cobyla.c,scipy,False,cache_miss,2026-09-23T14:00:45.326031,7.543,0.092,7.635,7.582,513389
module.scipy._external.pyprima.cobyla.cobylb.c,scipy,False,cache_miss,2026-09-23T14:00:52.961063,18.277,0.092,18.369,18.360,1028789
module.scipy._external.pyprima.cobyla.geometry.c,scipy,False,cache_miss,2026-09-23T14:01:11.320635,5.313,0.082,5.395,5.412,297419
module.scipy._external.pyprima.cobyla.initialize.c,scipy,False,cache_miss,2026-09-23T14:01:16.716690,7.883,0.083,7.965,7.955,492028
module.scipy._external.pyprima.cobyla.trustregion.c,scipy,False,cache_miss,2026-09-23T14:01:24.693232,14.153,0.094,14.247,14.256,733104
module.scipy._external.pyprima.cobyla.update.c,scipy,False,cache_miss,2026-09-23T14:01:38.937930,8.798,0.092,8.890,8.884,578644
module.scipy._external.pyprima.common._bounds.c,scipy,False,cache_miss,2026-09-23T14:01:47.817020,3.591,0.081,3.672,3.679,113038
module.scipy._external.pyprima.common._linear_constraints.c,scipy,False,cache_miss,2026-09-23T14:01:51.485716,3.644,0.077,3.721,3.718,128227
module.scipy._external.pyprima.common._nonlinear_constraints.c,scipy,False,cache_miss,2026-09-23T14:01:55.205766,3.998,0.077,4.074,4.078,151892
module.scipy._external.pyprima.common._project.c,scipy,False,cache_miss,2026-09-23T14:01:59.271932,6.232,0.068,6.301,6.285,338209
module.scipy._external.pyprima.common.c,scipy,False,cache_miss,2026-09-23T14:02:05.579020,3.014,0.075,3.089,3.124,47427
module.scipy._external.pyprima.common.checkbreak.c,scipy,False,cache_miss,2026-09-23T14:02:08.673956,3.458,0.080,3.538,3.520,135967
module.scipy._external.pyprima.common.consts.c,scipy,False,cache_miss,2026-09-23T14:02:12.199916,3.065,0.068,3.133,3.129,86745
module.scipy._external.pyprima.common.evaluate.c,scipy,False,cache_miss,2026-09-23T14:02:15.352506,3.756,0.088,3.844,3.842,165630
module.scipy._external.pyprima.common.history.c,scipy,False,cache_miss,2026-09-23T14:02:19.180334,3.214,0.071,3.286,3.290,51203
module.scipy._external.pyprima.common.infos.c,scipy,False,cache_miss,2026-09-23T14:02:22.470701,3.126,0.076,3.202,3.207,43302
module.scipy._external.pyprima.common.linalg.c,scipy,False,cache_miss,2026-09-23T14:02:25.697054,11.513,0.101,11.614,11.612,848577
module.scipy._external.pyprima.common.message.c,scipy,False,cache_miss,2026-09-23T14:02:37.300209,5.786,0.090,5.876,5.874,423558
module.scipy._external.pyprima.common.powalg.c,scipy,False,cache_miss,2026-09-23T14:02:43.170712,4.577,0.084,4.661,4.654,214969
module.scipy._external.pyprima.common.preproc.c,scipy,False,cache_miss,2026-09-23T14:02:47.836255,9.586,0.089,9.675,9.679,602238
module.scipy._external.pyprima.common.present.c,scipy,False,cache_miss,2026-09-23T14:02:57.502932,3.171,0.080,3.252,3.248,29107
module.scipy._external.pyprima.common.ratio.c,scipy,False,cache_miss,2026-09-23T14:03:00.743178,3.260,0.069,3.329,3.335,75808
module.scipy._external.pyprima.common.redrho.c,scipy,False,cache_miss,2026-09-23T14:03:04.079640,3.224,0.076,3.300,3.302,64023
module.scipy._external.pyprima.common.selectx.c,scipy,False,cache_miss,2026-09-23T14:03:07.379896,8.460,0.076,8.536,8.523,512451
module.scipy._lib._array_api.c,scipy,False,cache_miss,2026-09-23T14:03:15.948801,16.745,0.109,16.854,16.857,1583593
module.scipy._lib._array_api_docs_tables.c,scipy,False,cache_miss,2026-09-23T14:03:32.779366,6.202,0.086,6.288,6.293,368306
module.scipy._lib._array_api_no_0d.c,scipy,False,cache_miss,2026-09-23T14:03:39.060665,3.707,0.079,3.786,3.779,160021
module.scipy._lib._array_api_override.c,scipy,False,cache_miss,2026-09-23T14:03:42.839923,4.044,0.072,4.116,4.128,238083
module.scipy._lib._bunch.c,scipy,False,cache_miss,2026-09-23T14:03:46.951647,4.699,0.068,4.767,4.763,266174
module.scipy._lib._ccallback.c,scipy,False,cache_miss,2026-09-23T14:03:51.726715,4.885,0.076,4.961,4.968,334751
module.scipy._lib._disjoint_set.c,scipy,False,cache_miss,2026-09-23T14:03:56.691593,4.197,0.080,4.277,4.269,222268
module.scipy._lib._docscrape.c,scipy,False,cache_miss,2026-09-23T14:04:01.000410,16.991,0.111,17.103,17.098,1478672
module.scipy._lib._elementwise_iterative_method.c,scipy,False,cache_miss,2026-09-23T14:04:18.082487,8.402,0.091,8.493,8.494,559384
module.scipy._lib._gcutils.c,scipy,False,cache_miss,2026-09-23T14:04:26.557833,3.537,0.073,3.610,3.606,136943
module.scipy._lib._public_api.c,scipy,False,cache_miss,2026-09-23T14:04:30.167169,3.056,0.072,3.128,3.152,50265
module.scipy._lib._sparse.c,scipy,False,cache_miss,2026-09-23T14:04:33.291899,3.173,0.069,3.242,3.232,64350
module.scipy._lib._testutils.c,scipy,False,cache_miss,2026-09-23T14:04:36.540589,3.002,0.076,3.078,3.094,34594
module.scipy._lib._uarray._backend.c,scipy,False,cache_miss,2026-09-23T14:04:39.624861,6.240,0.082,6.322,6.307,641487
module.scipy._lib._uarray.c,scipy,False,cache_miss,2026-09-23T14:04:45.939698,2.902,0.075,2.976,3.016,45998
module.scipy._lib._util.c,scipy,False,cache_miss,2026-09-23T14:04:48.960979,17.285,0.120,17.405,17.351,1642741
module.scipy._lib.c,scipy,False,cache_miss,2026-09-23T14:05:06.323439,2.858,0.077,2.935,2.981,45458
module.scipy._lib.deprecation.c,scipy,False,cache_miss,2026-09-23T14:05:09.253699,4.714,0.072,4.786,4.746,371201
module.scipy._lib.doccer.c,scipy,False,cache_miss,2026-09-23T14:05:14.050105,4.851,0.083,4.934,4.933,355971
module.scipy._lib.tests.c,scipy,True,cache_miss,2026-09-23T14:05:18.976807,2.881,0.076,2.957,3.007,41502
module.scipy._lib.tests.test__gcutils.c,scipy,True,cache_miss,2026-09-23T14:05:21.937880,5.483,0.080,5.563,5.517,392263
module.scipy._lib.tests.test__testutils.c,scipy,True,cache_miss,2026-09-23T14:05:27.492269,3.280,0.071,3.351,3.339,88837
module.scipy._lib.tests.test__util.c,scipy,True,cache_miss,2026-09-23T14:05:30.898901,18.500,0.127,18.627,18.616,1833507
module.scipy._lib.tests.test_array_api.c,scipy,True,cache_miss,2026-09-23T14:05:49.496395,12.534,0.097,12.631,12.638,1131376
module.scipy._lib.tests.test_bunch.c,scipy,True,cache_miss,2026-09-23T14:06:02.106176,6.516,0.076,6.592,6.593,553749
module.scipy._lib.tests.test_ccallback.c,scipy,True,cache_miss,2026-09-23T14:06:08.709332,6.326,0.087,6.413,6.428,534821
module.scipy._lib.tests.test_config.c,scipy,True,cache_miss,2026-09-23T14:06:15.111519,3.528,0.076,3.605,3.598,143584
module.scipy._lib.tests.test_deprecation.c,scipy,True,cache_miss,2026-09-23T14:06:18.714062,3.162,0.074,3.236,3.246,68055
module.scipy._lib.tests.test_doccer.c,scipy,True,cache_miss,2026-09-23T14:06:21.950407,4.943,0.074,5.017,4.997,338471
module.scipy._lib.tests.test_import_cycles.c,scipy,True,cache_miss,2026-09-23T14:06:26.970278,3.178,0.077,3.255,3.266,100407
module.scipy._lib.tests.test_public_api.c,scipy,True,cache_miss,2026-09-23T14:06:30.230957,5.406,0.083,5.489,5.473,378671
module.scipy._lib.tests.test_scipy_version.c,scipy,True,cache_miss,2026-09-23T14:06:35.704885,3.111,0.068,3.179,3.194,71023
module.scipy._lib.tests.test_warnings.c,scipy,True,cache_miss,2026-09-23T14:06:38.896118,5.201,0.080,5.281,5.283,337306
module.scipy._lib.tests.test_xp_capabilities.c,scipy,True,cache_miss,2026-09-23T14:06:44.160383,4.029,0.064,4.093,4.094,194935
module.scipy._lib.uarray.c,scipy,False,cache_miss,2026-09-23T14:06:48.257725,3.284,0.068,3.353,3.362,60019
module.scipy.c,scipy,False,cache_miss,2026-09-23T14:06:51.622459,3.638,0.080,3.719,3.717,180695
module.scipy.cluster.c,scipy,False,cache_miss,2026-09-23T14:06:55.335638,3.080,0.075,3.154,3.147,51234
module.scipy.cluster.hierarchy._hierarchy_impl.c,scipy,False,cache_miss,2026-09-23T14:06:58.534379,16.520,0.119,16.639,16.664,2325867
module.scipy.cluster.hierarchy.c,scipy,False,cache_miss,2026-09-23T14:07:15.112882,3.123,0.058,3.181,3.188,93497
module.scipy.cluster.hierarchy.tests.c,scipy,True,cache_miss,2026-09-23T14:07:18.294274,3.078,0.058,3.136,3.109,47325
module.scipy.cluster.hierarchy.tests.hierarchy_test_data.c,scipy,True,cache_miss,2026-09-23T14:07:21.446756,3.249,0.074,3.323,3.329,89708
module.scipy.cluster.hierarchy.tests.test_disjoint_set.c,scipy,True,cache_miss,2026-09-23T14:07:24.769056,8.427,0.073,8.500,8.505,579333
module.scipy.cluster.hierarchy.tests.test_hierarchy.c,scipy,True,cache_miss,2026-09-23T14:07:33.338409,28.376,0.142,28.518,28.528,3235666
module.scipy.cluster.vq._vq_impl.c,scipy,False,cache_miss,2026-09-23T14:08:01.778483,8.116,0.064,8.181,8.142,636552
module.scipy.cluster.vq.c,scipy,False,cache_miss,2026-09-23T14:08:09.969673,3.184,0.075,3.259,3.272,65337
module.scipy.cluster.vq.tests.c,scipy,True,cache_miss,2026-09-23T14:08:13.220810,2.986,0.067,3.053,3.097,46674
module.scipy.cluster.vq.tests.test_vq.c,scipy,True,cache_miss,2026-09-23T14:08:16.322218,13.067,0.116,13.182,13.133,1226202
module.scipy.conftest.c,scipy,True,cache_miss,2026-09-23T14:08:29.492474,8.734,0.104,8.838,8.866,944957
module.scipy.constants._codata.c,scipy,False,cache_miss,2026-09-23T14:08:38.287262,6.029,0.060,6.089,6.104,660097
module.scipy.constants._constants.c,scipy,False,cache_miss,2026-09-23T14:08:44.386494,3.861,0.070,3.932,3.936,447728
module.scipy.constants.c,scipy,False,cache_miss,2026-09-23T14:08:48.309738,3.642,0.062,3.703,3.708,125897
module.scipy.constants.codata.c,scipy,False,cache_miss,2026-09-23T14:08:52.007159,3.192,0.056,3.248,3.208,51942
module.scipy.constants.constants.c,scipy,False,cache_miss,2026-09-23T14:08:55.266880,3.182,0.067,3.249,3.253,51981
module.scipy.constants.tests.c,scipy,True,cache_miss,2026-09-23T14:08:58.527447,3.100,0.078,3.178,3.175,41947
module.scipy.constants.tests.test_codata.c,scipy,True,cache_miss,2026-09-23T14:09:01.700049,4.181,0.073,4.254,4.258,238863
module.scipy.constants.tests.test_constants.c,scipy,True,cache_miss,2026-09-23T14:09:05.955244,4.607,0.074,4.681,4.672,301575
module.scipy.datasets._download_all.c,scipy,False,cache_miss,2026-09-23T14:09:10.631467,3.496,0.070,3.566,3.564,111116
module.scipy.datasets._fetchers.c,scipy,False,cache_miss,2026-09-23T14:09:14.206159,3.773,0.079,3.852,3.851,203293
module.scipy.datasets._registry.c,scipy,False,cache_miss,2026-09-23T14:09:18.043801,2.925,0.064,2.989,3.019,28041
module.scipy.datasets._utils.c,scipy,False,cache_miss,2026-09-23T14:09:21.053058,3.885,0.085,3.970,3.946,125376
module.scipy.datasets.c,scipy,False,cache_miss,2026-09-23T14:09:25.004744,3.261,0.066,3.327,3.345,60702
module.scipy.datasets.tests.c,scipy,True,cache_miss,2026-09-23T14:09:28.314834,3.251,0.049,3.300,3.269,41858
module.scipy.datasets.tests.test_data.c,scipy,True,cache_miss,2026-09-23T14:09:31.635974,4.369,0.070,4.439,4.451,301575
module.scipy.differentiate._differentiate.c,scipy,False,cache_miss,2026-09-23T14:09:36.102254,10.046,0.097,10.143,10.138,749587
module.scipy.differentiate.c,scipy,False,cache_miss,2026-09-23T14:09:46.227051,3.082,0.079,3.161,3.166,50379
module.scipy.differentiate.tests.c,scipy,True,cache_miss,2026-09-23T14:09:49.382686,3.119,0.073,3.192,3.192,42303
module.scipy.differentiate.tests.test_differentiate.c,scipy,True,cache_miss,2026-09-23T14:09:52.637985,18.652,0.136,18.789,18.814,2359837
module.scipy.fft._backend.c,scipy,False,cache_miss,2026-09-23T14:10:11.349686,3.730,0.059,3.789,3.786,169519
module.scipy.fft._basic.c,scipy,False,cache_miss,2026-09-23T14:10:15.147808,4.960,0.069,5.029,5.036,319925
module.scipy.fft._basic_backend.c,scipy,False,cache_miss,2026-09-23T14:10:20.165576,5.382,0.058,5.440,5.437,400333
module.scipy.fft._debug_backends.c,scipy,False,cache_miss,2026-09-23T14:10:25.609009,3.200,0.061,3.261,3.249,73465
module.scipy.fft._duccfft.basic.c,scipy,False,cache_miss,2026-09-23T14:10:28.864274,5.527,0.056,5.583,5.591,434304
module.scipy.fft._duccfft.c,scipy,False,cache_miss,2026-09-23T14:10:34.440338,3.214,0.049,3.263,3.284,56576
module.scipy.fft._duccfft.helper.c,scipy,False,cache_miss,2026-09-23T14:10:37.724269,5.476,0.070,5.546,5.526,386086
module.scipy.fft._duccfft.realtransforms.c,scipy,False,cache_miss,2026-09-23T14:10:43.272083,4.402,0.072,4.474,4.473,218651
module.scipy.fft._duccfft.tests.c,scipy,True,cache_miss,2026-09-23T14:10:47.736190,3.242,0.062,3.305,3.306,46860
module.scipy.fft._duccfft.tests.test_basic.c,scipy,True,cache_miss,2026-09-23T14:10:51.081240,23.644,0.103,23.747,23.745,2948756
module.scipy.fft._duccfft.tests.test_real_transforms.c,scipy,True,cache_miss,2026-09-23T14:11:14.797694,14.901,0.072,14.973,14.968,1483099
module.scipy.fft._fftlog.c,scipy,False,cache_miss,2026-09-23T14:11:29.757370,3.530,0.059,3.589,3.593,77552
module.scipy.fft._fftlog_backend.c,scipy,False,cache_miss,2026-09-23T14:11:33.344611,4.781,0.057,4.839,4.844,289854
module.scipy.fft._helper.c,scipy,False,cache_miss,2026-09-23T14:11:38.186035,3.720,0.060,3.781,3.782,179767
module.scipy.fft._realtransforms.c,scipy,False,cache_miss,2026-09-23T14:11:41.957666,3.871,0.051,3.922,3.931,162954
module.scipy.fft._realtransforms_backend.c,scipy,False,cache_miss,2026-09-23T14:11:45.878011,3.912,0.049,3.962,3.948,154717
module.scipy.fft.c,scipy,False,cache_miss,2026-09-23T14:11:49.844389,3.536,0.054,3.590,3.571,119223
module.scipy.fft.tests.c,scipy,True,cache_miss,2026-09-23T14:11:53.451228,3.158,0.070,3.228,3.232,41413
module.scipy.fft.tests.mock_backend.c,scipy,True,cache_miss,2026-09-23T14:11:56.685799,4.399,0.077,4.476,4.494,295004
module.scipy.fft.tests.test_backend.c,scipy,True,cache_miss,2026-09-23T14:12:01.144873,4.567,0.060,4.627,4.631,323602
module.scipy.fft.tests.test_basic.c,scipy,True,cache_miss,2026-09-23T14:12:05.790074,16.593,0.078,16.672,16.663,1700557
module.scipy.fft.tests.test_fftlog.c,scipy,True,cache_miss,2026-09-23T14:12:22.445155,5.563,0.062,5.624,5.627,435162
module.scipy.fft.tests.test_helper.c,scipy,True,cache_miss,2026-09-23T14:12:28.073918,12.717,0.066,12.783,12.766,1124672
module.scipy.fft.tests.test_multithreading.c,scipy,True,cache_miss,2026-09-23T14:12:40.856727,5.298,0.066,5.364,5.375,328905
module.scipy.fft.tests.test_real_transforms.c,scipy,True,cache_miss,2026-09-23T14:12:46.225408,10.007,0.070,10.077,10.066,573684
module.scipy.fftpack._basic.c,scipy,False,cache_miss,2026-09-23T14:12:56.298340,3.659,0.066,3.725,3.684,124727
module.scipy.fftpack._helper.c,scipy,False,cache_miss,2026-09-23T14:13:00.036289,3.469,0.079,3.548,3.584,95632
module.scipy.fftpack._pseudo_diffs.c,scipy,False,cache_miss,2026-09-23T14:13:03.588718,8.161,0.084,8.245,8.235,593598
module.scipy.fftpack._realtransforms.c,scipy,False,cache_miss,2026-09-23T14:13:11.832497,4.410,0.083,4.492,4.506,139507
module.scipy.fftpack.basic.c,scipy,False,cache_miss,2026-09-23T14:13:16.303121,3.539,0.061,3.600,3.594,51462
module.scipy.fftpack.c,scipy,False,cache_miss,2026-09-23T14:13:19.912184,3.756,0.070,3.826,3.818,62099
module.scipy.fftpack.helper.c,scipy,False,cache_miss,2026-09-23T14:13:23.735533,3.839,0.067,3.907,3.910,51628
module.scipy.fftpack.pseudo_diffs.c,scipy,False,cache_miss,2026-09-23T14:13:27.649895,4.112,0.075,4.187,4.133,52625
module.scipy.fftpack.realtransforms.c,scipy,False,cache_miss,2026-09-23T14:13:31.844539,3.893,0.083,3.975,4.036,52956
module.scipy.fftpack.tests.c,scipy,True,cache_miss,2026-09-23T14:13:35.805421,3.996,0.068,4.065,4.051,41769
module.scipy.fftpack.tests.test_basic.c,scipy,True,cache_miss,2026-09-23T14:13:39.920130,27.120,0.118,27.238,27.231,2392161
module.scipy.fftpack.tests.test_helper.c,scipy,True,cache_miss,2026-09-23T14:14:07.114364,3.820,0.074,3.894,3.904,174424
module.scipy.fftpack.tests.test_import.c,scipy,True,cache_miss,2026-09-23T14:14:11.006640,3.589,0.073,3.662,3.682,120615
module.scipy.fftpack.tests.test_pseudo_diffs.c,scipy,True,cache_miss,2026-09-23T14:14:14.702408,15.915,0.106,16.022,16.040,1387666
module.scipy.fftpack.tests.test_real_transforms.c,scipy,True,cache_miss,2026-09-23T14:14:30.734183,39.907,0.116,40.024,40.021,3407487
module.scipy.integrate._bvp.c,scipy,False,cache_miss,2026-09-23T14:15:10.721749,16.397,0.080,16.477,16.483,1300716
module.scipy.integrate._cubature.c,scipy,False,cache_miss,2026-09-23T14:15:27.183819,8.421,0.065,8.486,8.481,729623
module.scipy.integrate._ivp.base.c,scipy,False,cache_miss,2026-09-23T14:15:35.656964,5.129,0.053,5.182,5.181,363129
module.scipy.integrate._ivp.bdf.c,scipy,False,cache_miss,2026-09-23T14:15:40.845543,9.237,0.059,9.296,9.296,848073
module.scipy.integrate._ivp.c,scipy,False,cache_miss,2026-09-23T14:15:50.143161,3.210,0.060,3.270,3.263,71217
module.scipy.integrate._ivp.common.c,scipy,False,cache_miss,2026-09-23T14:15:53.424849,11.571,0.072,11.642,11.640,725627
module.scipy.integrate._ivp.dop853_coefficients.c,scipy,False,cache_miss,2026-09-23T14:16:05.058657,4.016,0.063,4.079,4.092,367544
module.scipy.integrate._ivp.ivp.c,scipy,False,cache_miss,2026-09-23T14:16:09.147306,9.735,0.072,9.807,9.771,570858
module.scipy.integrate._ivp.lsoda.c,scipy,False,cache_miss,2026-09-23T14:16:18.951617,4.678,0.069,4.747,4.751,281866
module.scipy.integrate._ivp.radau.c,scipy,False,cache_miss,2026-09-23T14:16:23.705202,10.710,0.076,10.785,10.803,860744
module.scipy.integrate._ivp.rk.c,scipy,False,cache_miss,2026-09-23T14:16:34.489404,9.182,0.074,9.256,9.265,794680
module.scipy.integrate._ivp.tests.c,scipy,True,cache_miss,2026-09-23T14:16:43.715740,3.453,0.044,3.498,3.493,47046
module.scipy.integrate._ivp.tests.test_ivp.c,scipy,True,cache_miss,2026-09-23T14:16:47.303585,26.278,0.134,26.413,26.412,3033116
module.scipy.integrate._ivp.tests.test_rk.c,scipy,True,cache_miss,2026-09-23T14:17:13.641026,3.896,0.059,3.956,3.968,171348
module.scipy.integrate._lebedev.c,scipy,False,cache_miss,2026-09-23T14:17:17.762570,194.300,0.225,194.525,194.476,11917137
module.scipy.integrate._ode.c,scipy,False,cache_miss,2026-09-23T14:20:32.188808,16.045,0.126,16.171,16.166,1393463
module.scipy.integrate._odepack_py.c,scipy,False,cache_miss,2026-09-23T14:20:48.325930,3.679,0.092,3.771,3.792,136930
module.scipy.integrate._quad_vec.c,scipy,False,cache_miss,2026-09-23T14:20:52.097837,12.978,0.093,13.071,13.070,841059
module.scipy.integrate._quadpack_py.c,scipy,False,cache_miss,2026-09-23T14:21:05.165505,8.595,0.089,8.685,8.700,688947
module.scipy.integrate._quadrature.c,scipy,False,cache_miss,2026-09-23T14:21:13.858866,15.471,0.098,15.569,15.554,1213257
module.scipy.integrate._rules._base.c,scipy,False,cache_miss,2026-09-23T14:21:29.426554,7.022,0.097,7.119,7.122,481738
module.scipy.integrate._rules._gauss_kronrod.c,scipy,False,cache_miss,2026-09-23T14:21:36.521803,3.630,0.073,3.703,3.704,149049
module.scipy.integrate._rules._gauss_legendre.c,scipy,False,cache_miss,2026-09-23T14:21:40.229508,4.190,0.077,4.268,4.269,123507
module.scipy.integrate._rules._genz_malik.c,scipy,False,cache_miss,2026-09-23T14:21:44.508033,9.825,0.088,9.913,9.929,399009
module.scipy.integrate._rules.c,scipy,False,cache_miss,2026-09-23T14:21:54.407661,3.380,0.074,3.454,3.454,70578
module.scipy.integrate._tanhsinh.c,scipy,False,cache_miss,2026-09-23T14:21:57.916156,25.814,0.129,25.943,25.926,1756958
module.scipy.integrate.c,scipy,False,cache_miss,2026-09-23T14:22:23.810635,3.347,0.081,3.428,3.418,106411
module.scipy.integrate.dop.c,scipy,False,cache_miss,2026-09-23T14:22:27.239398,3.092,0.082,3.174,3.193,55362
module.scipy.integrate.lsoda.c,scipy,False,cache_miss,2026-09-23T14:22:30.406540,3.110,0.075,3.186,3.182,51124
module.scipy.integrate.odepack.c,scipy,False,cache_miss,2026-09-23T14:22:33.595837,3.120,0.079,3.199,3.197,52432
module.scipy.integrate.quadpack.c,scipy,False,cache_miss,2026-09-23T14:22:36.790129,3.170,0.075,3.244,3.237,52301
module.scipy.integrate.tests.c,scipy,True,cache_miss,2026-09-23T14:22:40.038069,3.262,0.078,3.340,3.346,41947
module.scipy.integrate.tests.test__quad_vec.c,scipy,True,cache_miss,2026-09-23T14:22:43.379651,9.346,0.079,9.425,9.434,705955
module.scipy.integrate.tests.test_banded_ode_solvers.c,scipy,True,cache_miss,2026-09-23T14:22:52.810966,8.115,0.086,8.201,8.185,542878
module.scipy.integrate.tests.test_bvp.c,scipy,True,cache_miss,2026-09-23T14:23:01.042479,21.631,0.116,21.748,21.743,1719346
module.scipy.integrate.tests.test_cubature.c,scipy,True,cache_miss,2026-09-23T14:23:22.808767,28.090,0.135,28.225,28.240,2116621
module.scipy.integrate.tests.test_integrate.c,scipy,True,cache_miss,2026-09-23T14:23:51.025357,22.249,0.127,22.376,22.367,2094990
module.scipy.integrate.tests.test_quadpack.c,scipy,True,cache_miss,2026-09-23T14:24:13.412526,25.344,0.138,25.482,25.477,2182200
module.scipy.integrate.tests.test_quadrature.c,scipy,True,cache_miss,2026-09-23T14:24:38.893609,28.418,0.137,28.555,28.481,2277381
module.scipy.integrate.tests.test_tanhsinh.c,scipy,True,cache_miss,2026-09-23T14:25:07.537156,48.599,0.226,48.825,48.109,3609524
module.scipy.integrate.vode.c,scipy,False,cache_miss,2026-09-23T14:25:56.265257,5.487,0.129,5.616,6.312,55537
module.scipy.interpolate._bary_rational.c,scipy,False,cache_miss,2026-09-23T14:26:01.906769,15.462,0.154,15.617,15.719,874272
module.scipy.interpolate._bsplines.c,scipy,False,cache_miss,2026-09-23T14:26:17.515882,38.363,0.147,38.509,38.441,3011404
module.scipy.interpolate._cubic.c,scipy,False,cache_miss,2026-09-23T14:26:55.971224,18.401,0.093,18.494,18.473,981785
module.scipy.interpolate._fitpack2.c,scipy,False,cache_miss,2026-09-23T14:27:14.574725,33.669,0.202,33.872,33.955,2397515
module.scipy.interpolate._fitpack_impl.c,scipy,False,cache_miss,2026-09-23T14:27:48.361891,18.591,0.118,18.709,18.714,1286948
module.scipy.interpolate._fitpack_py.c,scipy,False,cache_miss,2026-09-23T14:28:07.030391,4.535,0.078,4.613,4.607,245262
module.scipy.interpolate._fitpack_repro.c,scipy,False,cache_miss,2026-09-23T14:28:11.679064,17.975,0.113,18.089,18.097,1351358
module.scipy.interpolate._interpolate.c,scipy,False,cache_miss,2026-09-23T14:28:29.791151,37.608,0.137,37.744,37.737,3088705
module.scipy.interpolate._ndbspline.c,scipy,False,cache_miss,2026-09-23T14:29:07.488623,12.451,0.090,12.541,12.523,836989
module.scipy.interpolate._ndgriddata.c,scipy,False,cache_miss,2026-09-23T14:29:20.010636,4.355,0.071,4.426,4.452,225768
module.scipy.interpolate._pade.c,scipy,False,cache_miss,2026-09-23T14:29:24.441635,3.966,0.076,4.042,4.054,135320
module.scipy.interpolate._polyint.c,scipy,False,cache_miss,2026-09-23T14:29:28.513238,13.471,0.106,13.576,13.555,991254
module.scipy.interpolate._rbf.c,scipy,False,cache_miss,2026-09-23T14:29:42.097256,6.889,0.113,7.002,6.934,402085
module.scipy.interpolate._rbfinterp.c,scipy,False,cache_miss,2026-09-23T14:29:49.073306,8.387,0.088,8.475,8.560,509980
module.scipy.interpolate._rbfinterp_common.c,scipy,False,cache_miss,2026-09-23T14:29:57.533334,3.828,0.073,3.901,3.894,74570
module.scipy.interpolate._rbfinterp_np.c,scipy,False,cache_miss,2026-09-23T14:30:01.436997,4.363,0.075,4.438,4.442,190450
module.scipy.interpolate._rbfinterp_xp.c,scipy,False,cache_miss,2026-09-23T14:30:05.870794,6.371,0.071,6.442,6.401,319557
module.scipy.interpolate._regrid.c,scipy,False,cache_miss,2026-09-23T14:30:12.394290,19.236,0.153,19.389,19.227,934900
module.scipy.interpolate._rgi.c,scipy,False,cache_miss,2026-09-23T14:30:31.831973,15.153,0.201,15.354,15.246,890414
module.scipy.interpolate.c,scipy,False,cache_miss,2026-09-23T14:30:47.294346,4.859,0.310,5.168,5.447,104090
module.scipy.interpolate.dfitpack.c,scipy,False,cache_miss,2026-09-23T14:30:52.251506,4.736,0.098,4.834,4.766,52579
module.scipy.interpolate.fitpack.c,scipy,False,cache_miss,2026-09-23T14:30:57.044682,5.310,0.057,5.368,5.441,52450
module.scipy.interpolate.fitpack2.c,scipy,False,cache_miss,2026-09-23T14:31:02.455889,4.635,0.101,4.736,4.691,52589
module.scipy.interpolate.interpnd.c,scipy,False,cache_miss,2026-09-23T14:31:07.191332,4.861,0.100,4.961,4.997,53922
module.scipy.interpolate.interpolate.c,scipy,False,cache_miss,2026-09-23T14:31:12.147619,3.742,0.095,3.837,3.862,53549
module.scipy.interpolate.ndgriddata.c,scipy,False,cache_miss,2026-09-23T14:31:15.970957,3.509,0.082,3.590,3.591,52920
module.scipy.interpolate.polyint.c,scipy,False,cache_miss,2026-09-23T14:31:19.552600,3.693,0.073,3.766,3.773,52422
module.scipy.interpolate.rbf.c,scipy,False,cache_miss,2026-09-23T14:31:23.313389,3.398,0.068,3.466,3.464,51497
module.scipy.interpolate.tests.c,scipy,True,cache_miss,2026-09-23T14:31:26.783810,3.565,0.073,3.638,3.641,42125
module.scipy.interpolate.tests.test_bary_rational.c,scipy,True,cache_miss,2026-09-23T14:31:30.643286,20.852,0.294,21.146,20.943,1493716
module.scipy.interpolate.tests.test_bsplines.c,scipy,True,cache_miss,2026-09-23T14:31:52.204053,119.257,0.709,119.966,120.152,11637166
module.scipy.interpolate.tests.test_fitpack.c,scipy,True,cache_miss,2026-09-23T14:33:51.597028,16.732,0.136,16.868,16.897,1483240
module.scipy.interpolate.tests.test_fitpack2.c,scipy,True,cache_miss,2026-09-23T14:34:08.465201,45.732,0.136,45.869,45.683,4860505
module.scipy.interpolate.tests.test_gil.c,scipy,True,cache_miss,2026-09-23T14:34:54.343059,8.779,0.145,8.925,8.991,248460
module.scipy.interpolate.tests.test_interpnd.c,scipy,True,cache_miss,2026-09-23T14:35:03.720319,15.239,0.598,15.837,15.956,1218406
module.scipy.interpolate.tests.test_interpolate.c,scipy,True,cache_miss,2026-09-23T14:35:19.145226,69.495,0.186,69.681,69.381,6716883
module.scipy.interpolate.tests.test_ndgriddata.c,scipy,True,cache_miss,2026-09-23T14:36:29.022464,11.970,0.382,12.352,12.638,694263
module.scipy.interpolate.tests.test_pade.c,scipy,True,cache_miss,2026-09-23T14:36:41.156395,8.936,0.164,9.100,9.035,350892
module.scipy.interpolate.tests.test_polyint.c,scipy,True,cache_miss,2026-09-23T14:36:50.296695,28.368,0.205,28.573,28.643,2729645
module.scipy.interpolate.tests.test_rbf.c,scipy,True,cache_miss,2026-09-23T14:37:18.825500,10.333,0.160,10.494,10.502,552586
module.scipy.interpolate.tests.test_rbfinterp.c,scipy,True,cache_miss,2026-09-23T14:37:29.242876,17.082,0.084,17.166,16.995,1422353
module.scipy.interpolate.tests.test_rgi.c,scipy,True,cache_miss,2026-09-23T14:37:46.667457,29.113,0.343,29.456,29.611,2922277
module.scipy.io._fast_matrix_market.c,scipy,False,cache_miss,2026-09-23T14:38:15.854720,8.094,0.075,8.168,8.117,623086
module.scipy.io._fortran.c,scipy,False,cache_miss,2026-09-23T14:38:24.019885,5.747,0.072,5.819,5.894,317362
module.scipy.io._harwell_boeing._fortran_format_parser.c,scipy,False,cache_miss,2026-09-23T14:38:29.830778,7.026,0.064,7.090,7.095,553465
module.scipy.io._harwell_boeing.c,scipy,False,cache_miss,2026-09-23T14:38:36.909157,4.432,0.052,4.484,4.479,56916
module.scipy.io._harwell_boeing.hb.c,scipy,False,cache_miss,2026-09-23T14:38:41.411412,9.424,0.070,9.495,9.440,896337
module.scipy.io._harwell_boeing.tests.c,scipy,True,cache_miss,2026-09-23T14:38:50.918145,3.934,0.082,4.017,4.075,47418
module.scipy.io._harwell_boeing.tests.test_fortran_format.c,scipy,True,cache_miss,2026-09-23T14:38:54.919594,6.935,0.067,7.002,6.958,337159
module.scipy.io._harwell_boeing.tests.test_hb.c,scipy,True,cache_miss,2026-09-23T14:39:01.939914,5.919,0.085,6.004,6.017,256815
module.scipy.io._idl.c,scipy,False,cache_miss,2026-09-23T14:39:07.963753,16.881,0.105,16.986,16.992,1227198
module.scipy.io._mmio.c,scipy,False,cache_miss,2026-09-23T14:39:24.939745,13.722,0.095,13.817,13.839,1155076
module.scipy.io._netcdf.c,scipy,False,cache_miss,2026-09-23T14:39:38.739299,13.287,0.078,13.364,13.386,1374919
module.scipy.io.arff._arffread.c,scipy,False,cache_miss,2026-09-23T14:39:52.111761,14.716,0.086,14.802,14.746,1253914
module.scipy.io.arff.arffread.c,scipy,False,cache_miss,2026-09-23T14:40:06.902608,4.251,0.075,4.326,4.340,52194
module.scipy.io.arff.c,scipy,False,cache_miss,2026-09-23T14:40:11.221956,4.025,0.068,4.092,4.115,61689
module.scipy.io.arff.tests.c,scipy,True,cache_miss,2026-09-23T14:40:15.313559,3.678,0.067,3.746,3.723,46395
module.scipy.io.arff.tests.test_arffread.c,scipy,True,cache_miss,2026-09-23T14:40:19.073044,11.183,0.081,11.264,11.261,1098623
module.scipy.io.c,scipy,False,cache_miss,2026-09-23T14:40:30.328193,6.183,0.072,6.255,6.254,100951
module.scipy.io.harwell_boeing.c,scipy,False,cache_miss,2026-09-23T14:40:36.601345,4.366,0.090,4.456,4.448,52432
module.scipy.io.idl.c,scipy,False,cache_miss,2026-09-23T14:40:41.034110,4.575,0.067,4.642,4.629,50120
module.scipy.io.matlab._byteordercodes.c,scipy,False,cache_miss,2026-09-23T14:40:45.700504,4.230,0.091,4.321,4.366,61911
module.scipy.io.matlab._mio.c,scipy,False,cache_miss,2026-09-23T14:40:49.988387,6.226,0.058,6.284,6.232,321512
module.scipy.io.matlab._mio4.c,scipy,False,cache_miss,2026-09-23T14:40:56.315119,10.812,0.101,10.913,10.962,921423
module.scipy.io.matlab._mio5.c,scipy,False,cache_miss,2026-09-23T14:41:07.217970,13.533,0.091,13.624,13.609,1315971
module.scipy.io.matlab._mio5_params.c,scipy,False,cache_miss,2026-09-23T14:41:20.824496,6.383,0.074,6.457,6.488,413548
module.scipy.io.matlab._miobase.c,scipy,False,cache_miss,2026-09-23T14:41:27.275493,5.504,0.068,5.572,5.572,424119
module.scipy.io.matlab.byteordercodes.c,scipy,False,cache_miss,2026-09-23T14:41:32.836191,3.860,0.057,3.917,3.896,57504
module.scipy.io.matlab.c,scipy,False,cache_miss,2026-09-23T14:41:36.754202,3.583,0.058,3.641,3.660,96927
module.scipy.io.matlab.mio.c,scipy,False,cache_miss,2026-09-23T14:41:40.393882,3.851,0.057,3.908,3.837,52389
module.scipy.io.matlab.mio4.c,scipy,False,cache_miss,2026-09-23T14:41:44.332667,4.071,0.088,4.159,4.212,55754
module.scipy.io.matlab.mio5.c,scipy,False,cache_miss,2026-09-23T14:41:48.461291,3.589,0.057,3.646,3.639,51826
module.scipy.io.matlab.mio5_params.c,scipy,False,cache_miss,2026-09-23T14:41:52.100168,3.646,0.050,3.696,3.677,52988
module.scipy.io.matlab.mio5_utils.c,scipy,False,cache_miss,2026-09-23T14:41:55.816075,3.943,0.070,4.014,4.036,56804
module.scipy.io.matlab.mio_utils.c,scipy,False,cache_miss,2026-09-23T14:41:59.822442,4.255,0.063,4.318,4.283,56629
module.scipy.io.matlab.miobase.c,scipy,False,cache_miss,2026-09-23T14:42:04.135790,3.917,0.058,3.976,4.002,53215
module.scipy.io.matlab.streams.c,scipy,False,cache_miss,2026-09-23T14:42:08.127215,3.938,0.074,4.012,3.910,56279
module.scipy.io.matlab.tests.c,scipy,True,cache_miss,2026-09-23T14:42:12.187484,6.406,0.122,6.528,6.531,46581
module.scipy.io.matlab.tests.test_byteordercodes.c,scipy,True,cache_miss,2026-09-23T14:42:18.710296,4.708,0.117,4.825,4.941,96643
module.scipy.io.matlab.tests.test_mio.c,scipy,True,cache_miss,2026-09-23T14:42:23.527049,26.484,0.109,26.593,26.569,3144044
module.scipy.io.matlab.tests.test_mio5_utils.c,scipy,True,cache_miss,2026-09-23T14:42:50.093245,6.783,0.082,6.866,6.824,370157
module.scipy.io.matlab.tests.test_mio_funcs.c,scipy,True,cache_miss,2026-09-23T14:42:56.984226,14.988,0.107,15.095,15.096,135401
module.scipy.io.matlab.tests.test_mio_utils.c,scipy,True,cache_miss,2026-09-23T14:43:12.141928,4.439,0.170,4.609,4.655,137962
module.scipy.io.matlab.tests.test_miobase.c,scipy,True,cache_miss,2026-09-23T14:43:16.682173,3.939,0.101,4.040,4.061,125665
module.scipy.io.matlab.tests.test_pathological.c,scipy,True,cache_miss,2026-09-23T14:43:20.687233,4.111,0.067,4.178,4.166,109567
module.scipy.io.matlab.tests.test_streams.c,scipy,True,cache_miss,2026-09-23T14:43:24.882948,9.929,0.084,10.013,10.013,602795
module.scipy.io.mmio.c,scipy,False,cache_miss,2026-09-23T14:43:34.878631,3.498,0.067,3.564,3.571,51222
module.scipy.io.netcdf.c,scipy,False,cache_miss,2026-09-23T14:43:38.444834,3.796,0.069,3.864,3.859,51203
module.scipy.io.tests.c,scipy,True,cache_miss,2026-09-23T14:43:42.293137,14.235,0.053,14.288,12.880,41324
module.scipy.io.tests.test_fortran.c,scipy,True,cache_miss,2026-09-23T14:43:58.083293,21.489,1.555,23.044,24.445,1124968
module.scipy.io.tests.test_idl.c,scipy,True,cache_miss,2026-09-23T14:44:19.677307,17.519,0.105,17.624,17.620,1655133
module.scipy.io.tests.test_mmio.c,scipy,True,cache_miss,2026-09-23T14:44:37.307452,16.643,0.111,16.755,16.643,1766677
module.scipy.io.tests.test_netcdf.c,scipy,True,cache_miss,2026-09-23T14:44:54.104133,17.613,0.153,17.766,17.890,1537603
module.scipy.io.tests.test_paths.c,scipy,True,cache_miss,2026-09-23T14:45:11.787599,8.519,0.071,8.590,8.386,359536
module.scipy.io.tests.test_wavfile.c,scipy,True,cache_miss,2026-09-23T14:45:20.506509,17.789,0.199,17.988,18.007,1205893
module.scipy.io.wavfile.c,scipy,False,cache_miss,2026-09-23T14:45:38.618938,12.394,0.324,12.718,12.064,1051965
module.scipy.linalg._basic.c,scipy,False,cache_miss,2026-09-23T14:45:51.300611,35.608,0.287,35.895,36.471,1469518
module.scipy.linalg._decomp.c,scipy,False,cache_miss,2026-09-23T14:46:27.100783,21.007,0.192,21.200,21.385,1313628
module.scipy.linalg._decomp_cholesky.c,scipy,False,cache_miss,2026-09-23T14:46:48.227436,6.950,0.119,7.069,7.045,414839
module.scipy.linalg._decomp_cossin.c,scipy,False,cache_miss,2026-09-23T14:46:55.291986,7.646,0.115,7.761,7.860,359938
module.scipy.linalg._decomp_ldl.c,scipy,False,cache_miss,2026-09-23T14:47:03.015667,7.667,0.077,7.744,7.740,364974
module.scipy.linalg._decomp_lu.c,scipy,False,cache_miss,2026-09-23T14:47:10.752954,6.503,0.070,6.573,6.503,329444
module.scipy.linalg._decomp_polar.c,scipy,False,cache_miss,2026-09-23T14:47:17.347054,4.950,0.091,5.041,4.870,75790
module.scipy.linalg._decomp_qr.c,scipy,False,cache_miss,2026-09-23T14:47:22.463464,8.961,0.166,9.128,9.360,461828
module.scipy.linalg._decomp_qz.c,scipy,False,cache_miss,2026-09-23T14:47:31.505186,7.344,0.080,7.424,7.309,422384
module.scipy.linalg._decomp_schur.c,scipy,False,cache_miss,2026-09-23T14:47:38.929407,8.025,0.080,8.106,8.225,446164
module.scipy.linalg._decomp_svd.c,scipy,False,cache_miss,2026-09-23T14:47:47.035282,7.868,0.081,7.949,7.952,443312
module.scipy.linalg._expm_frechet.c,scipy,False,cache_miss,2026-09-23T14:47:54.977436,9.609,0.074,9.683,9.608,544669
module.scipy.linalg._matfuncs.c,scipy,False,cache_miss,2026-09-23T14:48:04.671950,16.922,0.086,17.008,17.074,753241
module.scipy.linalg._matfuncs_inv_ssq.c,scipy,False,cache_miss,2026-09-23T14:48:21.693414,18.812,0.100,18.912,18.901,1191511
module.scipy.linalg._matfuncs_sqrtm.c,scipy,False,cache_miss,2026-09-23T14:48:40.825415,9.325,0.320,9.645,9.444,199865
module.scipy.linalg._misc.c,scipy,False,cache_miss,2026-09-23T14:48:50.608260,10.020,0.458,10.478,10.565,197964
module.scipy.linalg._procrustes.c,scipy,False,cache_miss,2026-09-23T14:49:00.984693,8.686,0.357,9.043,9.010,114247
module.scipy.linalg._sketches.c,scipy,False,cache_miss,2026-09-23T14:49:10.013107,11.629,0.342,11.971,11.999,114863
module.scipy.linalg._solvers.c,scipy,False,cache_miss,2026-09-23T14:49:21.920533,31.371,0.278,31.649,31.441,926774
module.scipy.linalg._special_matrices.c,scipy,False,cache_miss,2026-09-23T14:49:54.062095,33.573,0.771,34.343,33.725,775612
module.scipy.linalg._testutils.c,scipy,False,cache_miss,2026-09-23T14:50:28.400066,20.348,0.765,21.114,21.686,211281
module.scipy.linalg.basic.c,scipy,False,cache_miss,2026-09-23T14:50:50.409581,24.943,1.661,26.604,25.816,51304
module.scipy.linalg.blas.c,scipy,False,cache_miss,2026-09-23T14:51:16.955653,19.212,1.603,20.815,21.816,319768
module.scipy.linalg.c,scipy,False,cache_miss,2026-09-23T14:51:36.843733,19.336,0.676,20.012,19.630,107706
module.scipy.linalg.decomp.c,scipy,False,cache_miss,2026-09-23T14:51:57.575931,11.703,1.396,13.099,13.620,51470
module.scipy.linalg.decomp_cholesky.c,scipy,False,cache_miss,2026-09-23T14:52:09.433418,7.561,0.154,7.716,7.652,52965
module.scipy.linalg.decomp_lu.c,scipy,False,cache_miss,2026-09-23T14:52:17.353259,7.892,0.359,8.251,8.242,51969
module.scipy.linalg.decomp_qr.c,scipy,False,cache_miss,2026-09-23T14:52:25.465980,8.955,0.221,9.176,8.828,51969
module.scipy.linalg.decomp_schur.c,scipy,False,cache_miss,2026-09-23T14:52:34.612675,10.081,0.192,10.273,9.962,52467
module.scipy.linalg.decomp_svd.c,scipy,False,cache_miss,2026-09-23T14:52:45.229235,7.453,0.536,7.989,8.469,52135
module.scipy.linalg.interpolative.c,scipy,False,cache_miss,2026-09-23T14:52:53.082246,18.180,0.400,18.580,18.634,518077
module.scipy.linalg.lapack.c,scipy,False,cache_miss,2026-09-23T14:53:11.777822,13.903,0.515,14.418,14.498,476373
module.scipy.linalg.matfuncs.c,scipy,False,cache_miss,2026-09-23T14:53:25.917959,9.913,0.237,10.150,10.109,51802
module.scipy.linalg.misc.c,scipy,False,cache_miss,2026-09-23T14:53:36.342922,9.486,0.511,9.998,10.161,51139
module.scipy.linalg.special_matrices.c,scipy,False,cache_miss,2026-09-23T14:53:45.935079,11.272,0.106,11.378,10.624,53130
module.scipy.linalg.tests.c,scipy,True,cache_miss,2026-09-23T14:53:57.461396,23.360,0.254,23.614,23.828,41680
module.scipy.linalg.tests.test_basic.c,scipy,True,cache_miss,2026-09-23T14:54:22.350111,143.484,1.529,145.012,144.536,6877412
module.scipy.linalg.tests.test_batch.c,scipy,True,cache_miss,2026-09-23T14:56:47.516805,40.816,1.683,42.499,43.538,2094035
module.scipy.linalg.tests.test_blas.c,scipy,True,cache_miss,2026-09-23T14:57:28.490318,29.909,0.157,30.066,29.219,2563092
module.scipy.linalg.tests.test_cython_abi.c,scipy,True,cache_miss,2026-09-23T14:57:59.836726,16.254,1.438,17.691,18.405,204719
module.scipy.linalg.tests.test_cython_blas.c,scipy,True,cache_miss,2026-09-23T14:58:16.336082,14.696,0.246,14.942,14.453,407653
module.scipy.linalg.tests.test_cython_lapack.c,scipy,True,cache_miss,2026-09-23T14:58:31.487531,14.541,0.455,14.996,14.812,147369
module.scipy.linalg.tests.test_cythonized_array_utils.c,scipy,True,cache_miss,2026-09-23T14:58:47.293860,17.717,1.265,18.982,19.570,483446
module.scipy.linalg.tests.test_decomp.c,scipy,True,cache_miss,2026-09-23T14:59:06.387980,129.141,1.377,130.518,130.423,9412125
module.scipy.linalg.tests.test_decomp_cholesky.c,scipy,True,cache_miss,2026-09-23T15:01:16.306660,28.794,0.778,29.572,29.805,1164105
module.scipy.linalg.tests.test_decomp_cossin.c,scipy,True,cache_miss,2026-09-23T15:01:45.249270,26.860,0.148,27.008,26.718,1028573
module.scipy.linalg.tests.test_decomp_ldl.c,scipy,True,cache_miss,2026-09-23T15:02:21.603247,38.319,9.494,47.813,47.453,483039
module.scipy.linalg.tests.test_decomp_lu.c,scipy,True,cache_miss,2026-09-23T15:03:02.758238,48.603,2.836,51.438,51.384,1018322
module.scipy.linalg.tests.test_decomp_polar.c,scipy,True,cache_miss,2026-09-23T15:03:52.534341,30.434,1.173,31.607,30.804,319450
module.scipy.linalg.tests.test_decomp_update.c,scipy,True,cache_miss,2026-09-23T15:04:26.513583,149.350,3.546,152.895,153.912,6225438
module.scipy.linalg.tests.test_deprecations.c,scipy,True,cache_miss,2026-09-23T15:06:59.962365,39.086,4.099,43.186,42.000,287008
module.scipy.linalg.tests.test_extending.c,scipy,True,cache_miss,2026-09-23T15:07:41.891667,39.118,2.843,41.961,43.149,193227
module.scipy.linalg.tests.test_fblas.c,scipy,True,cache_miss,2026-09-23T15:08:26.544064,57.235,5.534,62.769,62.695,1816442
module.scipy.linalg.tests.test_interpolative.c,scipy,True,cache_miss,2026-09-23T15:09:27.098790,30.406,3.320,33.725,33.996,639612
module.scipy.linalg.tests.test_lapack.c,scipy,True,cache_miss,2026-09-23T15:10:01.168097,120.059,3.664,123.723,123.897,7414914
module.scipy.linalg.tests.test_matfuncs.c,scipy,True,cache_miss,2026-09-23T15:12:03.431009,50.350,2.204,52.554,52.021,2753975
module.scipy.linalg.tests.test_matmul_toeplitz.c,scipy,True,cache_miss,2026-09-23T15:12:54.541631,22.910,0.761,23.671,23.520,278261
module.scipy.linalg.tests.test_procrustes.c,scipy,True,cache_miss,2026-09-23T15:13:18.694957,32.053,1.243,33.296,33.997,661111
